Date,Open,High,Low,Close
2009-10-01,,,,1000.0
2009-10-05,,,,986.9
2009-10-06,,,,983.54
2009-10-07,,,,988.95
2009-10-08,,,,987.8
2009-10-09,,,,988.03
2009-10-12,,,,995.83
2009-10-14,,,,1007.76
2009-10-15,,,,1016.73
2009-10-16,,,,1020.89
2009-10-17,,,,1026.07
2009-10-20,,,,1025.62
2009-10-21,,,,1021.81
2009-10-22,,,,1006.84
2009-10-23,,,,1021.72
2009-10-26,,,,1006.04
2009-10-27,,,,982.84
2009-10-28,,,,990.7
2009-10-29,,,,977.16
2009-10-30,,,,973.49
2009-11-03,,,,954.48
2009-11-04,,,,973.17
2009-11-05,,,,985.25
2009-11-06,,,,996.77
2009-11-09,,,,1005.35
2009-11-10,,,,1007.92
2009-11-11,,,,1025.46
2009-11-12,,,,1019.01
2009-11-13,,,,1026.63
2009-11-16,,,,1034.79
2009-11-17,,,,1033.97
2009-11-18,,,,1038.21
2009-11-19,,,,1025.68
2009-11-20,,,,1033.77
2009-11-23,,,,1038.4
2009-11-24,,,,1038.65
2009-11-25,,,,1039.14
2009-11-26,,,,1026.56
2009-11-27,,,,1013.26
2009-11-30,,,,1031.06
2009-12-01,,,,1046.4
2009-12-02,,,,1059.59
2009-12-03,,,,1067.17
2009-12-04,,,,1070.12
2009-12-07,,,,1067.79
2009-12-08,,,,1074.91
2009-12-09,,,,1072.42
2009-12-10,,,,1077.75
2009-12-11,,,,1076.29
2009-12-14,,,,1073.09
2009-12-15,,,,1066.85
2009-12-16,,,,1071.44
2009-12-17,,,,1078.78
2009-12-18,,,,1082.53
2009-12-21,,,,1078.12
2009-12-22,,,,1078.61
2009-12-23,,,,1095.57
2009-12-24,,,,1096.98
2009-12-29,,,,1099.64
2009-12-30,,,,1103.39
2009-12-31,,,,1103.73
2010-01-04,,,,1110.28
2010-01-05,,,,1126.11
2010-01-06,,,,1131.69
2010-01-07,,,,1130.83
2010-01-08,,,,1131.88
2010-01-11,,,,1147.28
2010-01-12,,,,1138.18
2010-01-13,,,,1148.71
2010-01-14,,,,1153.24
2010-01-15,,,,1165.65
2010-01-18,,,,1176.69
2010-01-19,,,,1171.33
2010-01-20,,,,1176.93
2010-01-21,,,,1152.53
2010-01-22,,,,1151.68
2010-01-25,,,,1146.04
2010-01-27,,,,1119.31
2010-01-28,,,,1114.86
2010-01-29,,,,1117.9
2010-02-01,,,,1135.3
2010-02-02,,,,1123.0
2010-02-03,,,,1139.28
2010-02-04,,,,1121.67
2010-02-05,,,,1100.94
2010-02-06,,,,1115.16
2010-02-08,,,,1110.8
2010-02-09,,,,1115.56
2010-02-10,,,,1110.65
2010-02-11,,,,1116.42
2010-02-15,,,,1105.67
2010-02-16,,,,1112.32
2010-02-17,,,,1121.05
2010-02-18,,,,1121.87
2010-02-19,,,,1109.94
2010-02-22,,,,1101.41
2010-02-23,,,,1101.69
2010-02-24,,,,1094.0
2010-02-25,,,,1089.04
2010-02-26,,,,1099.15
2010-03-02,,,,1120.37
2010-03-03,,,,1134.17
2010-03-04,,,,1145.35
2010-03-05,,,,1147.74
2010-03-08,,,,1153.02
2010-03-09,,,,1153.45
2010-03-10,,,,1155.63
2010-03-11,,,,1157.01
2010-03-12,,,,1155.91
2010-03-15,,,,1157.37
2010-03-16,,,,1164.45
2010-03-17,,,,1173.1
2010-03-18,,,,1181.11
2010-03-19,,,,1188.53
2010-03-22,,,,1183.91
2010-03-23,,,,1189.87
2010-03-25,,,,1198.36
2010-03-26,,,,1197.82
2010-03-29,,,,1199.73
2010-03-30,,,,1200.04
2010-03-31,,,,1206.27
2010-04-01,,,,1213.25
2010-04-05,,,,1220.37
2010-04-06,,,,1223.44
2010-04-07,,,,1229.17
2010-04-08,,,,1227.06
2010-04-09,,,,1238.73
2010-04-12,,,,1241.02
2010-04-13,,,,1244.21
2010-04-15,,,,1244.7
2010-04-16,,,,1243.66
2010-04-19,,,,1229.37
2010-04-20,,,,1235.8
2010-04-21,,,,1241.37
2010-04-22,,,,1243.51
2010-04-23,,,,1245.49
2010-04-26,,,,1248.66
2010-04-27,,,,1249.3
2010-04-28,,,,1234.49
2010-04-29,,,,1245.61
2010-04-30,,,,1254.86
2010-05-03,,,,1249.79
2010-05-04,,,,1236.14
2010-05-05,,,,1239.78
2010-05-06,,,,1239.75
2010-05-07,,,,1211.11
2010-05-10,,,,1237.03
2010-05-11,,,,1222.46
2010-05-12,,,,1221.99
2010-05-13,,,,1240.13
2010-05-14,,,,1233.0
2010-05-17,,,,1228.76
2010-05-18,,,,1231.69
2010-05-19,,,,1205.17
2010-05-20,,,,1206.95
2010-05-21,,,,1190.27
2010-05-24,,,,1194.28
2010-05-25,,,,1162.51
2010-05-26,,,,1171.76
2010-05-27,,,,1186.72
2010-05-28,,,,1203.26
2010-05-31,,,,1213.55
2010-06-01,,,,1199.94
2010-06-02,,,,1207.55
2010-06-03,,,,1230.84
2010-06-04,,,,1237.37
2010-06-07,,,,1221.08
2010-06-08,,,,1212.73
2010-06-09,,,,1213.97
2010-06-10,,,,1230.62
2010-06-11,,,,1230.72
2010-06-14,,,,1241.07
2010-06-15,,,,1252.78
2010-06-16,,,,1256.49
2010-06-17,,,,1264.56
2010-06-18,,,,1260.9
2010-06-21,,,,1273.72
2010-06-22,,,,1273.15
2010-06-23,,,,1283.66
2010-06-24,,,,1281.03
2010-06-25,,,,1268.84
2010-06-28,,,,1285.57
2010-06-29,,,,1271.2
2010-06-30,,,,1278.47
2010-07-01,,,,1269.3
2010-07-02,,,,1277.85
2010-07-05,,,,1280.69
2010-07-06,,,,1287.85
2010-07-07,,,,1289.58
2010-07-08,,,,1298.35
2010-07-09,,,,1318.27
2010-07-12,,,,1319.13
2010-07-13,,,,1321.09
2010-07-14,,,,1317.26
2010-07-15,,,,1321.72
2010-07-16,,,,1328.74
2010-07-19,,,,1327.12
2010-07-20,,,,1321.68
2010-07-21,,,,1329.4
2010-07-22,,,,1335.87
2010-07-23,,,,1331.08
2010-07-26,,,,1327.27
2010-07-27,,,,1333.41
2010-07-28,,,,1331.64
2010-07-29,,,,1330.13
2010-07-30,,,,1329.24
2010-08-02,,,,1335.38
2010-08-03,,,,1334.0
2010-08-04,,,,1340.63
2010-08-05,,,,1350.17
2010-08-06,,,,1353.8
2010-08-09,,,,1372.02
2010-08-10,,,,1364.54
2010-08-11,,,,1361.69
2010-08-12,,,,1359.97
2010-08-13,,,,1373.02
2010-08-16,,,,1382.38
2010-08-17,,,,1388.63
2010-08-18,,,,1400.26
2010-08-19,,,,1409.4
2010-08-20,,,,1404.17
2010-08-23,,,,1417.91
2010-08-24,,,,1410.96
2010-08-25,,,,1398.63
2010-08-26,,,,1400.37
2010-08-27,,,,1393.92
2010-08-30,,,,1396.4
2010-08-31,,,,1391.7
2010-09-01,,,,1411.47
2010-09-02,,,,1417.39
2010-09-03,,,,1427.84
2010-09-06,,,,1443.66
2010-09-07,,,,1443.27
2010-09-08,,,,1445.93
2010-09-09,,,,1454.36
2010-09-13,,,,1467.22
2010-09-14,,,,1476.82
2010-09-15,,,,1492.66
2010-09-16,,,,1480.96
2010-09-17,,,,1503.86
2010-09-20,,,,1508.38
2010-09-21,,,,1499.4
2010-09-22,,,,1487.45
2010-09-23,,,,1489.66
2010-09-24,,,,1516.09
2010-09-27,,,,1521.72
2010-09-28,,,,1524.92
2010-09-29,,,,1519.24
2010-09-30,,,,1516.52
2010-10-01,,,,1542.22
2010-10-04,,,,1538.86
2010-10-05,,,,1537.31
2010-10-06,,,,1551.15
2010-10-07,,,,1538.6
2010-10-08,,,,1536.76
2010-10-11,,,,1543.23
2010-10-12,,,,1533.99
2010-10-13,,,,1565.2
2010-10-14,,,,1566.91
2010-10-15,,,,1531.47
2010-10-18,,,,1524.42
2010-10-19,,,,1516.68
2010-10-20,,,,1508.25
2010-10-21,,,,1543.94
2010-10-22,,,,1542.52
2010-10-25,,,,1556.28
2010-10-26,,,,1552.47
2010-10-27,,,,1536.33
2010-10-28,,,,1538.5
2010-10-29,,,,1529.07
2010-11-01,,,,1537.21
2010-11-02,,,,1546.59
2010-11-03,,,,1553.74
2010-11-04,,,,1567.23
2010-11-05,,,,1579.37
2010-11-08,,,,1570.98
2010-11-09,,,,1580.63
2010-11-10,,,,1576.53
2010-11-11,,,,1562.4
2010-11-12,,,,1528.39
2010-11-15,,,,1534.46
2010-11-16,,,,1501.84
2010-11-18,,,,1516.79
2010-11-19,,,,1494.9
2010-11-22,,,,1514.76
2010-11-23,,,,1506.04
2010-11-24,,,,1488.0
2010-11-25,,,,1474.78
2010-11-26,,,,1458.11
2010-11-29,,,,1473.84
2010-11-30,,,,1495.16
2010-12-01,,,,1502.42
2010-12-02,,,,1509.88
2010-12-03,,,,1504.25
2010-12-06,,,,1504.14
2010-12-07,,,,1504.87
2010-12-08,,,,1488.61
2010-12-09,,,,1455.71
2010-12-10,,,,1477.38
2010-12-13,,,,1482.91
2010-12-14,,,,1489.94
2010-12-15,,,,1479.68
2010-12-16,,,,1496.57
2010-12-20,,,,1519.92
2010-12-21,,,,1531.91
2010-12-22,,,,1533.31
2010-12-23,,,,1530.22
2010-12-24,,,,1541.88
2010-12-27,,,,1543.49
2010-12-28,,,,1546.1
2010-12-29,,,,1564.01
2010-12-30,,,,1582.99
2010-12-31,,,,1588.15
2011-01-03,,,,1590.05
2011-01-04,,,,1594.57
2011-01-05,,,,1585.12
2011-01-06,,,,1576.78
2011-01-07,,,,1534.72
2011-01-10,,,,1502.49
2011-01-11,,,,1500.58
2011-01-12,,,,1523.31
2011-01-13,,,,1504.25
2011-01-14,,,,1491.17
2011-01-17,,,,1488.44
2011-01-18,,,,1508.6
2011-01-19,,,,1507.56
2011-01-20,,,,1510.58
2011-01-21,,,,1499.46
2011-01-24,,,,1504.24
2011-01-25,,,,1493.48
2011-01-27,,,,1465.63
2011-01-28,,,,1439.41
2011-01-31,,,,1434.51
2011-02-01,,,,1411.08
2011-02-02,,,,1414.37
2011-02-03,,,,1433.39
2011-02-04,,,,1401.68
2011-02-07,,,,1402.1
2011-02-08,,,,1388.02
2011-02-09,,,,1354.48
2011-02-10,,,,1348.36
2011-02-11,,,,1354.67
2011-02-14,,,,1392.44
2011-02-15,,,,1396.3
2011-02-16,,,,1401.47
2011-02-17,,,,1408.51
2011-02-18,,,,1394.26
2011-02-21,,,,1408.02
2011-02-22,,,,1393.82
2011-02-23,,,,1388.77
2011-02-24,,,,1355.4
2011-02-25,,,,1361.96
2011-02-28,,,,1377.18
2011-03-01,,,,1416.64
2011-03-03,,,,1420.65
2011-03-04,,,,1420.74
2011-03-07,,,,1402.52
2011-03-08,,,,1412.74
2011-03-09,,,,1415.3
2011-03-10,,,,1409.59
2011-03-11,,,,1395.17
2011-03-14,,,,1404.94
2011-03-15,,,,1380.31
2011-03-16,,,,1388.06
2011-03-17,,,,1374.15
2011-03-18,,,,1361.69
2011-03-21,,,,1350.98
2011-03-22,,,,1363.49
2011-03-23,,,,1372.29
2011-03-24,,,,1385.8
2011-03-25,,,,1411.51
2011-03-28,,,,1421.89
2011-03-29,,,,1437.04
2011-03-30,,,,1447.68
2011-03-31,,,,1463.79
2011-04-01,,,,1471.91
2011-04-04,,,,1491.01
2011-04-05,,,,1498.73
2011-04-06,,,,1496.69
2011-04-07,,,,1498.52
2011-04-08,,,,1483.64
2011-04-11,,,,1471.94
2011-04-13,,,,1502.5
2011-04-15,,,,1486.76
2011-04-18,,,,1470.61
2011-04-19,,,,1467.63
2011-04-20,,,,1491.6
2011-04-21,,,,1500.97
2011-04-25,,,,1499.49
2011-04-26,,,,1500.37
2011-04-27,,,,1496.09
2011-04-28,,,,1481.03
2011-04-29,,,,1472.27
2011-05-02,,,,1461.16
2011-05-03,,,,1436.06
2011-05-04,,,,1423.54
2011-05-05,,,,1414.17
2011-05-06,,,,1435.01
2011-05-09,,,,1438.69
2011-05-10,,,,1441.17
2011-05-11,,,,1454.08
2011-05-12,,,,1438.8
2011-05-13,,,,1463.68
2011-05-16,,,,1456.13
2011-05-17,,,,1452.45
2011-05-18,,,,1458.03
2011-05-19,,,,1450.19
2011-05-20,,,,1460.31
2011-05-23,,,,1444.72
2011-05-24,,,,1442.73
2011-05-25,,,,1435.08
2011-05-26,,,,1443.94
2011-05-27,,,,1456.95
2011-05-30,,,,1457.01
2011-05-31,,,,1473.65
2011-06-01,,,,1488.59
2011-06-02,,,,1488.34
2011-06-03,,,,1479.15
2011-06-06,,,,1476.67
2011-06-07,,,,1480.08
2011-06-08,,,,1473.23
2011-06-09,,,,1470.07
2011-06-10,,,,1463.71
2011-06-13,,,,1464.22
2011-06-14,,,,1469.06
2011-06-15,,,,1457.74
2011-06-16,,,,1444.62
2011-06-17,,,,1431.25
2011-06-20,,,,1409.22
2011-06-21,,,,1413.91
2011-06-22,,,,1396.84
2011-06-23,,,,1406.75
2011-06-24,,,,1444.32
2011-06-27,,,,1453.14
2011-06-28,,,,1457.47
2011-06-29,,,,1471.05
2011-06-30,,,,1479.52
2011-07-01,,,,1481.55
2011-07-04,,,,1489.0
2011-07-05,,,,1484.59
2011-07-06,,,,1485.42
2011-07-07,,,,1510.91
2011-07-08,,,,1498.06
2011-07-11,,,,1482.97
2011-07-12,,,,1460.74
2011-07-13,,,,1473.51
2011-07-14,,,,1471.08
2011-07-15,,,,1469.98
2011-07-18,,,,1469.97
2011-07-19,,,,1473.47
2011-07-20,,,,1459.04
2011-07-21,,,,1458.95
2011-07-22,,,,1475.61
2011-07-25,,,,1485.19
2011-07-26,,,,1474.7
2011-07-27,,,,1475.08
2011-07-28,,,,1463.69
2011-07-29,,,,1460.15
2011-08-01,,,,1457.67
2011-08-02,,,,1443.02
2011-08-03,,,,1434.69
2011-08-04,,,,1420.84
2011-08-05,,,,1398.78
2011-08-08,,,,1370.55
2011-08-09,,,,1355.73
2011-08-10,,,,1381.94
2011-08-11,,,,1371.03
2011-08-12,,,,1359.98
2011-08-16,,,,1353.18
2011-08-17,,,,1355.5
2011-08-18,,,,1327.19
2011-08-19,,,,1310.9
2011-08-22,,,,1325.07
2011-08-23,,,,1340.32
2011-08-24,,,,1325.88
2011-08-25,,,,1311.63
2011-08-26,,,,1296.42
2011-08-29,,,,1326.89
2011-08-30,,,,1350.09
2011-09-02,,,,1357.27
2011-09-05,,,,1358.23
2011-09-06,,,,1364.6
2011-09-07,,,,1375.26
2011-09-08,,,,1380.03
2011-09-09,,,,1368.09
2011-09-12,,,,1340.09
2011-09-13,,,,1339.85
2011-09-14,,,,1360.82
2011-09-15,,,,1370.14
2011-09-16,,,,1365.87
2011-09-19,,,,1366.89
2011-09-20,,,,1392.76
2011-09-21,,,,1386.34
2011-09-22,,,,1337.98
2011-09-23,,,,1328.55
2011-09-26,,,,1312.38
2011-09-27,,,,1341.51
2011-09-28,,,,1332.1
2011-09-29,,,,1346.81
2011-09-30,,,,1331.54
2011-10-03,,,,1310.05
2011-10-04,,,,1298.24
2011-10-05,,,,1283.88
2011-10-07,,,,1304.16
2011-10-10,,,,1320.96
2011-10-11,,,,1323.23
2011-10-12,,,,1351.49
2011-10-13,,,,1343.63
2011-10-14,,,,1363.72
2011-10-17,,,,1359.93
2011-10-18,,,,1333.45
2011-10-19,,,,1356.51
2011-10-20,,,,1350.65
2011-10-21,,,,1339.26
2011-10-24,,,,1349.03
2011-10-25,,,,1370.48
2011-10-26,,,,1379.28
2011-10-28,,,,1419.06
2011-10-31,,,,1422.56
2011-11-01,,,,1415.08
2011-11-02,,,,1415.77
2011-11-03,,,,1415.31
2011-11-04,,,,1427.09
2011-11-08,,,,1429.64
2011-11-09,,,,1427.1
2011-11-11,,,,1413.36
2011-11-14,,,,1409.93
2011-11-15,,,,1387.92
2011-11-16,,,,1375.91
2011-11-17,,,,1364.23
2011-11-18,,,,1359.97
2011-11-21,,,,1338.7
2011-11-22,,,,1341.93
2011-11-23,,,,1315.46
2011-11-24,,,,1327.21
2011-11-25,,,,1316.33
2011-11-28,,,,1343.28
2011-11-29,,,,1337.17
2011-11-30,,,,1348.57
2011-12-01,,,,1372.13
2011-12-02,,,,1395.29
2011-12-05,,,,1395.13
2011-12-07,,,,1401.64
2011-12-08,,,,1377.48
2011-12-09,,,,1366.13
2011-12-12,,,,1341.65
2011-12-13,,,,1345.53
2011-12-14,,,,1338.4
2011-12-15,,,,1326.58
2011-12-16,,,,1308.17
2011-12-19,,,,1292.24
2011-12-20,,,,1265.09
2011-12-21,,,,1289.79
2011-12-22,,,,1292.68
2011-12-23,,,,1296.47
2011-12-26,,,,1316.14
2011-12-27,,,,1310.88
2011-12-28,,,,1293.82
2011-12-29,,,,1288.53
2011-12-30,,,,1286.23
2012-01-02,,,,1283.66
2012-01-03,,,,1319.31
2012-01-04,,,,1312.75
2012-01-05,,,,1313.64
2012-01-06,,,,1304.7
2012-01-07,,,,1308.34
2012-01-09,,,,1310.88
2012-01-10,,,,1340.46
2012-01-11,,,,1343.91
2012-01-12,,,,1334.21
2012-01-13,,,,1348.41
2012-01-16,,,,1357.42
2012-01-17,,,,1381.52
2012-01-18,,,,1367.54
2012-01-19,,,,1380.79
2012-01-20,,,,1383.58
2012-01-23,,,,1381.03
2012-01-24,,,,1404.11
2012-01-25,,,,1406.37
2012-01-27,,,,1417.65
2012-01-30,,,,1391.26
2012-01-31,,,,1417.45
2012-02-01,,,,1439.53
2012-02-02,,,,1460.76
2012-02-03,,,,1462.61
2012-02-06,,,,1473.89
2012-02-07,,,,1462.59
2012-02-08,,,,1477.57
2012-02-09,,,,1490.71
2012-02-10,,,,1488.02
2012-02-13,,,,1489.49
2012-02-14,,,,1498.85
2012-02-15,,,,1521.63
2012-02-16,,,,1532.58
2012-02-17,,,,1529.72
2012-02-21,,,,1539.23
2012-02-22,,,,1505.83
2012-02-23,,,,1497.73
2012-02-24,,,,1493.17
2012-02-27,,,,1447.8
2012-02-28,,,,1472.35
2012-02-29,,,,1480.22
2012-03-01,,,,1465.61
2012-03-02,,,,1469.36
2012-03-03,,,,1470.66
2012-03-05,,,,1449.24
2012-03-06,,,,1429.85
2012-03-07,,,,1430.25
2012-03-09,,,,1456.18
2012-03-12,,,,1464.2
2012-03-13,,,,1477.91
2012-03-14,,,,1481.38
2012-03-15,,,,1467.25
2012-03-16,,,,1455.37
2012-03-19,,,,1444.76
2012-03-20,,,,1448.04
2012-03-21,,,,1468.63
2012-03-22,,,,1436.2
2012-03-23,,,,1448.66
2012-03-26,,,,1430.83
2012-03-27,,,,1448.92
2012-03-28,,,,1440.3
2012-03-29,,,,1438.46
2012-03-30,,,,1463.28
2012-04-02,,,,1469.41
2012-04-03,,,,1479.78
2012-04-04,,,,1469.66
2012-04-09,,,,1443.75
2012-04-10,,,,1445.61
2012-04-11,,,,1440.27
2012-04-12,,,,1456.54
2012-04-13,,,,1426.85
2012-04-16,,,,1430.96
2012-04-17,,,,1449.38
2012-04-18,,,,1453.86
2012-04-19,,,,1459.71
2012-04-20,,,,1447.83
2012-04-23,,,,1418.41
2012-04-24,,,,1429.36
2012-04-25,,,,1423.21
2012-04-26,,,,1413.17
2012-04-27,,,,1410.66
2012-04-28,,,,1417.56
2012-04-30,,,,1433.41
2012-05-02,,,,1434.7
2012-05-03,,,,1429.03
2012-05-04,,,,1410.59
2012-05-07,,,,1412.21
2012-05-08,,,,1390.65
2012-05-09,,,,1386.27
2012-05-10,,,,1384.33
2012-05-11,,,,1368.4
2012-05-14,,,,1362.4
2012-05-15,,,,1367.52
2012-05-16,,,,1353.45
2012-05-17,,,,1351.98
2012-05-18,,,,1350.97
2012-05-21,,,,1346.89
2012-05-22,,,,1341.18
2012-05-23,,,,1334.43
2012-05-24,,,,1344.42
2012-05-25,,,,1344.57
2012-05-28,,,,1355.18
2012-05-29,,,,1360.45
2012-05-30,,,,1352.91
2012-05-31,,,,1353.92
2012-06-01,,,,1337.14
2012-06-04,,,,1331.01
2012-06-05,,,,1338.18
2012-06-06,,,,1364.24
2012-06-07,,,,1369.31
2012-06-08,,,,1373.55
2012-06-11,,,,1367.78
2012-06-12,,,,1377.84
2012-06-13,,,,1380.5
2012-06-14,,,,1370.35
2012-06-15,,,,1379.12
2012-06-18,,,,1365.88
2012-06-19,,,,1374.29
2012-06-20,,,,1381.58
2012-06-21,,,,1392.32
2012-06-22,,,,1388.6
2012-06-25,,,,1385.86
2012-06-26,,,,1390.57
2012-06-27,,,,1394.54
2012-06-28,,,,1397.96
2012-06-29,,,,1424.27
2012-07-02,,,,1416.06
2012-07-03,,,,1416.27
2012-07-04,,,,1428.75
2012-07-05,,,,1436.21
2012-07-06,,,,1426.19
2012-07-09,,,,1413.05
2012-07-10,,,,1431.3
2012-07-11,,,,1421.34
2012-07-12,,,,1401.08
2012-07-13,,,,1398.26
2012-07-16,,,,1389.75
2012-07-17,,,,1391.45
2012-07-18,,,,1399.28
2012-07-19,,,,1402.86
2012-07-20,,,,1399.68
2012-07-23,,,,1375.83
2012-07-24,,,,1380.55
2012-07-25,,,,1367.44
2012-07-26,,,,1346.99
2012-07-27,,,,1357.12
2012-07-30,,,,1371.95
2012-07-31,,,,1375.26
2012-08-01,,,,1375.75
2012-08-02,,,,1378.55
2012-08-03,,,,1373.49
2012-08-06,,,,1378.25
2012-08-07,,,,1388.44
2012-08-08,,,,1384.86
2012-08-09,,,,1381.0
2012-08-10,,,,1386.5
2012-08-13,,,,1386.71
2012-08-14,,,,1392.93
2012-08-16,,,,1387.41
2012-08-17,,,,1387.79
2012-08-21,,,,1389.76
2012-08-22,,,,1385.46
2012-08-23,,,,1394.38
2012-08-24,,,,1388.73
2012-08-27,,,,1377.81
2012-08-28,,,,1368.51
2012-08-29,,,,1356.68
2012-08-30,,,,1364.94
2012-08-31,,,,1352.57
2012-09-03,,,,1353.34
2012-09-04,,,,1359.43
2012-09-05,,,,1355.72
2012-09-06,,,,1358.81
2012-09-07,,,,1380.65
2012-09-08,,,,1386.36
2012-09-10,,,,1386.42
2012-09-11,,,,1386.4
2012-09-12,,,,1399.2
2012-09-13,,,,1402.34
2012-09-14,,,,1428.69
2012-09-17,,,,1427.05
2012-09-18,,,,1426.66
2012-09-20,,,,1425.2
2012-09-21,,,,1449.18
2012-09-24,,,,1449.23
2012-09-25,,,,1447.54
2012-09-26,,,,1440.27
2012-09-27,,,,1442.59
2012-09-28,,,,1461.52
2012-10-01,,,,1475.4
2012-10-03,,,,1478.43
2012-10-04,,,,1478.22
2012-10-05,,,,1470.89
2012-10-08,,,,1461.03
2012-10-09,,,,1467.24
2012-10-10,,,,1453.42
2012-10-11,,,,1466.78
2012-10-12,,,,1458.1
2012-10-15,,,,1461.65
2012-10-16,,,,1457.77
2012-10-17,,,,1459.33
2012-10-18,,,,1470.49
2012-10-19,,,,1464.12
2012-10-22,,,,1464.18
2012-10-23,,,,1458.88
2012-10-25,,,,1458.32
2012-10-26,,,,1447.01
2012-10-29,,,,1450.39
2012-10-30,,,,1442.83
2012-10-31,,,,1453.87
2012-11-01,,,,1464.14
2012-11-02,,,,1471.81
2012-11-05,,,,1466.58
2012-11-06,,,,1473.47
2012-11-07,,,,1481.33
2012-11-08,,,,1479.7
2012-11-09,,,,1470.41
2012-11-12,,,,1470.7
2012-11-13,,,,1473.63
2012-11-15,,,,1462.03
2012-11-16,,,,1455.59
2012-11-19,,,,1452.38
2012-11-20,,,,1447.45
2012-11-21,,,,1453.44
2012-11-22,,,,1459.64
2012-11-23,,,,1463.67
2012-11-26,,,,1479.88
2012-11-27,,,,1500.29
2012-11-29,,,,1511.67
2012-11-30,,,,1533.47
2012-12-03,,,,1543.24
2012-12-04,,,,1537.01
2012-12-05,,,,1537.17
2012-12-06,,,,1541.0
2012-12-07,,,,1541.26
2012-12-10,,,,1545.55
2012-12-11,,,,1537.87
2012-12-12,,,,1531.8
2012-12-13,,,,1515.45
2012-12-14,,,,1523.1
2012-12-17,,,,1520.1
2012-12-18,,,,1535.27
2012-12-19,,,,1549.69
2012-12-20,,,,1550.63
2012-12-21,,,,1531.8
2012-12-24,,,,1533.0
2012-12-26,,,,1542.81
2012-12-27,,,,1536.95
2012-12-28,,,,1548.14
2012-12-31,,,,1549.22
2013-01-01,,,,1566.61
2013-01-02,,,,1569.7
2013-01-03,,,,1577.54
2013-01-04,,,,1584.82
2013-01-07,,,,1587.4
2013-01-08,,,,1589.23
2013-01-09,,,,1581.91
2013-01-10,,,,1579.78
2013-01-11,,,,1576.43
2013-01-14,,,,1597.3
2013-01-15,,,,1609.08
2013-01-16,,,,1593.19
2013-01-17,,,,1599.03
2013-01-18,,,,1587.56
2013-01-21,,,,1592.04
2013-01-22,,,,1583.15
2013-01-23,,,,1574.61
2013-01-24,,,,1556.94
2013-01-25,,,,1571.06
2013-01-28,,,,1574.93
2013-01-29,,,,1576.06
2013-01-30,,,,1571.82
2013-01-31,,,,1571.64
2013-02-01,,,,1564.7
2013-02-04,,,,1555.73
2013-02-05,,,,1549.98
2013-02-06,,,,1545.7
2013-02-07,,,,1534.39
2013-02-08,,,,1525.48
2013-02-11,,,,1519.21
2013-02-12,,,,1520.08
2013-02-13,,,,1518.24
2013-02-14,,,,1504.66
2013-02-15,,,,1506.11
2013-02-18,,,,1508.84
2013-02-19,,,,1520.59
2013-02-20,,,,1520.15
2013-02-21,,,,1494.83
2013-02-22,,,,1498.21
2013-02-25,,,,1498.54
2013-02-26,,,,1487.94
2013-02-27,,,,1495.9
2013-02-28,,,,1476.95
2013-03-01,,,,1482.34
2013-03-04,,,,1471.47
2013-03-05,,,,1496.44
2013-03-06,,,,1502.67
2013-03-07,,,,1507.94
2013-03-08,,,,1520.95
2013-03-11,,,,1516.89
2013-03-12,,,,1505.8
2013-03-13,,,,1494.1
2013-03-14,,,,1498.76
2013-03-15,,,,1488.17
2013-03-18,,,,1490.17
2013-03-19,,,,1476.12
2013-03-20,,,,1460.59
2013-03-21,,,,1446.17
2013-03-22,,,,1448.2
2013-03-25,,,,1443.05
2013-03-26,,,,1448.25
2013-03-28,,,,1461.18
2013-04-01,,,,1462.47
2013-04-02,,,,1479.89
2013-04-03,,,,1463.18
2013-04-04,,,,1433.36
2013-04-05,,,,1434.51
2013-04-08,,,,1439.29
2013-04-09,,,,1419.36
2013-04-10,,,,1425.14
2013-04-11,,,,1428.49
2013-04-12,,,,1403.75
2013-04-15,,,,1408.73
2013-04-16,,,,1428.74
2013-04-17,,,,1432.02
2013-04-18,,,,1440.9
2013-04-22,,,,1438.51
2013-04-23,,,,1441.4
2013-04-25,,,,1447.62
2013-04-26,,,,1440.72
2013-04-29,,,,1452.89
2013-04-30,,,,1476.2
2013-05-02,,,,1485.33
2013-05-03,,,,1483.57
2013-05-06,,,,1501.95
2013-05-07,,,,1518.19
2013-05-08,,,,1516.7
2013-05-09,,,,1508.41
2013-05-10,,,,1511.69
2013-05-11,,,,1516.71
2013-05-13,,,,1485.46
2013-05-14,,,,1489.38
2013-05-15,,,,1511.79
2013-05-16,,,,1506.04
2013-05-17,,,,1511.27
2013-05-20,,,,1508.81
2013-05-21,,,,1502.32
2013-05-22,,,,1502.86
2013-05-23,,,,1483.73
2013-05-24,,,,1476.68
2013-05-27,,,,1503.46
2013-05-28,,,,1514.94
2013-05-29,,,,1521.41
2013-05-30,,,,1521.99
2013-05-31,,,,1494.82
2013-06-03,,,,1493.65
2013-06-04,,,,1499.9
2013-06-05,,,,1499.36
2013-06-06,,,,1491.29
2013-06-07,,,,1485.81
2013-06-10,,,,1480.5
2013-06-11,,,,1455.95
2013-06-12,,,,1446.72
2013-06-13,,,,1431.08
2013-06-14,,,,1443.95
2013-06-17,,,,1455.42
2013-06-18,,,,1453.88
2013-06-19,,,,1456.09
2013-06-20,,,,1430.32
2013-06-21,,,,1414.43
2013-06-24,,,,1393.59
2013-06-25,,,,1394.24
2013-06-26,,,,1393.41
2013-06-27,,,,1407.78
2013-06-28,,,,1438.96
2013-07-01,,,,1447.41
2013-07-02,,,,1442.04
2013-07-03,,,,1427.84
2013-07-04,,,,1443.73
2013-07-05,,,,1450.42
2013-07-08,,,,1449.96
2013-07-09,,,,1460.78
2013-07-10,,,,1458.42
2013-07-11,,,,1478.39
2013-07-12,,,,1498.49
2013-07-15,,,,1520.94
2013-07-16,,,,1512.6
2013-07-17,,,,1525.06
2013-07-18,,,,1533.43
2013-07-19,,,,1544.99
2013-07-22,,,,1556.4
2013-07-23,,,,1558.57
2013-07-24,,,,1554.49
2013-07-25,,,,1535.93
2013-07-26,,,,1533.55
2013-07-29,,,,1531.0
2013-07-30,,,,1518.32
2013-07-31,,,,1517.07
2013-08-01,,,,1511.84
2013-08-02,,,,1497.76
2013-08-05,,,,1505.29
2013-08-06,,,,1480.7
2013-08-07,,,,1474.81
2013-08-08,,,,1484.31
2013-08-12,,,,1516.35
2013-08-13,,,,1539.83
2013-08-14,,,,1541.04
2013-08-16,,,,1506.55
2013-08-19,,,,1482.73
2013-08-20,,,,1475.27
2013-08-21,,,,1446.29
2013-08-22,,,,1477.58
2013-08-23,,,,1489.8
2013-08-26,,,,1503.21
2013-08-27,,,,1467.77
2013-08-28,,,,1479.3
2013-08-29,,,,1499.25
2013-08-30,,,,1513.0
2013-09-02,,,,1530.79
2013-09-03,,,,1483.59
2013-09-04,,,,1505.78
2013-09-05,,,,1510.3
2013-09-06,,,,1521.08
2013-09-10,,,,1568.41
2013-09-11,,,,1579.52
2013-09-12,,,,1563.09
2013-09-13,,,,1559.93
2013-09-16,,,,1558.71
2013-09-17,,,,1569.99
2013-09-18,,,,1576.23
2013-09-19,,,,1608.34
2013-09-20,,,,1589.64
2013-09-23,,,,1577.57
2013-09-24,,,,1576.59
2013-09-25,,,,1580.14
2013-09-26,,,,1576.76
2013-09-27,,,,1578.08
2013-09-30,,,,1573.08
2013-10-01,,,,1577.99
2013-10-03,,,,1600.02
2013-10-04,,,,1600.26
2013-10-07,,,,1608.49
2013-10-08,,,,1612.45
2013-10-09,,,,1630.29
2013-10-10,,,,1630.11
2013-10-11,,,,1644.59
2013-10-14,,,,1665.84
2013-10-15,,,,1657.74
2013-10-17,,,,1647.22
2013-10-18,,,,1665.26
2013-10-21,,,,1659.71
2013-10-22,,,,1665.22
2013-10-23,,,,1650.55
2013-10-24,,,,1640.29
2013-10-25,,,,1634.64
2013-10-28,,,,1621.45
2013-10-29,,,,1642.14
2013-10-30,,,,1656.42
2013-10-31,,,,1666.19
2013-11-01,,,,1668.84
2013-11-03,,,,1680.06
2013-11-05,,,,1666.52
2013-11-06,,,,1664.37
2013-11-07,,,,1667.55
2013-11-08,,,,1658.89
2013-11-11,,,,1643.7
2013-11-12,,,,1638.02
2013-11-13,,,,1626.65
2013-11-14,,,,1634.02
2013-11-18,,,,1653.44
2013-11-19,,,,1650.06
2013-11-20,,,,1632.15
2013-11-21,,,,1611.58
2013-11-22,,,,1602.77
2013-11-25,,,,1618.42
2013-11-26,,,,1611.1
2013-11-27,,,,1612.16
2013-11-28,,,,1620.89
2013-11-29,,,,1635.97
2013-12-02,,,,1649.88
2013-12-03,,,,1644.33
2013-12-04,,,,1638.87
2013-12-05,,,,1637.67
2013-12-06,,,,1643.12
2013-12-09,,,,1659.86
2013-12-10,,,,1674.54
2013-12-11,,,,1678.02
2013-12-12,,,,1662.27
2013-12-13,,,,1648.99
2013-12-16,,,,1648.08
2013-12-17,,,,1653.34
2013-12-18,,,,1673.39
2013-12-19,,,,1676.15
2013-12-20,,,,1704.86
2013-12-23,,,,1708.58
2013-12-24,,,,1706.73
2013-12-26,,,,1719.67
2013-12-27,,,,1731.44
2013-12-30,,,,1724.44
2013-12-31,,,,1734.31
2014-01-01,,,,1740.68
2014-01-02,,,,1711.06
2014-01-03,,,,1723.15
2014-01-06,,,,1722.64
2014-01-07,,,,1717.86
2014-01-08,,,,1731.71
2014-01-09,,,,1726.4
2014-01-10,,,,1730.1
2014-01-13,,,,1737.27
2014-01-14,,,,1728.74
2014-01-15,,,,1734.28
2014-01-16,,,,1737.76
2014-01-17,,,,1721.43
2014-01-20,,,,1736.32
2014-01-21,,,,1739.7
2014-01-22,,,,1744.92
2014-01-23,,,,1728.78
2014-01-24,,,,1716.19
2014-01-27,,,,1686.91
2014-01-28,,,,1683.15
2014-01-29,,,,1686.0
2014-01-30,,,,1679.2
2014-01-31,,,,1694.44
2014-02-03,,,,1679.66
2014-02-04,,,,1678.38
2014-02-05,,,,1679.99
2014-02-06,,,,1679.75
2014-02-07,,,,1690.84
2014-02-10,,,,1684.45
2014-02-11,,,,1687.75
2014-02-12,,,,1693.27
2014-02-13,,,,1684.62
2014-02-14,,,,1688.8
2014-02-17,,,,1684.74
2014-02-18,,,,1689.75
2014-02-19,,,,1696.19
2014-02-20,,,,1689.65
2014-02-21,,,,1701.82
2014-02-24,,,,1707.32
2014-02-25,,,,1721.75
2014-02-26,,,,1721.65
2014-02-28,,,,1728.79
2014-03-03,,,,1710.14
2014-03-04,,,,1730.07
2014-03-05,,,,1743.18
2014-03-06,,,,1753.28
2014-03-07,,,,1745.14
2014-03-10,,,,1739.96
2014-03-11,,,,1741.44
2014-03-12,,,,1739.97
2014-03-13,,,,1722.97
2014-03-14,,,,1718.61
2014-03-18,,,,1727.03
2014-03-19,,,,1728.75
2014-03-20,,,,1732.49
2014-03-21,,,,1746.94
2014-03-22,,,,1750.61
2014-03-24,,,,1753.23
2014-03-25,,,,1752.18
2014-03-26,,,,1755.42
2014-03-27,,,,1773.0
2014-03-28,,,,1793.48
2014-03-31,,,,1796.53
2014-04-01,,,,1804.25
2014-04-02,,,,1812.76
2014-04-03,,,,1810.45
2014-04-04,,,,1798.91
2014-04-07,,,,1795.14
2014-04-09,,,,1817.87
2014-04-10,,,,1827.7
2014-04-11,,,,1833.75
2014-04-15,,,,1833.91
2014-04-16,,,,1815.01
2014-04-17,,,,1837.92
2014-04-21,,,,1842.71
2014-04-22,,,,1847.59
2014-04-23,,,,1851.89
2014-04-25,,,,1852.65
2014-04-28,,,,1875.24
2014-04-29,,,,1865.35
2014-04-30,,,,1864.03
2014-05-02,,,,1866.97
2014-05-05,,,,1859.02
2014-05-06,,,,1863.62
2014-05-07,,,,1855.44
2014-05-08,,,,1857.12
2014-05-09,,,,1881.07
2014-05-12,,,,1887.14
2014-05-13,,,,1904.04
2014-05-14,,,,1912.6
2014-05-15,,,,1894.9
2014-05-16,,,,1889.45
2014-05-19,,,,1906.23
2014-05-20,,,,1930.87
2014-05-21,,,,1949.83
2014-05-22,,,,1972.15
2014-05-23,,,,1985.41
2014-05-26,,,,1974.14
2014-05-27,,,,1963.26
2014-05-28,,,,1980.4
2014-05-29,,,,1963.42
2014-05-30,,,,1974.62
2014-06-02,,,,1990.41
2014-06-03,,,,1998.97
2014-06-04,,,,2017.36
2014-06-05,,,,2042.42
2014-06-06,,,,2062.68
2014-06-09,,,,2087.78
2014-06-10,,,,2084.2
2014-06-11,,,,2080.8
2014-06-12,,,,2096.51
2014-06-13,,,,2074.56
2014-06-16,,,,2083.06
2014-06-17,,,,2108.53
2014-06-18,,,,2111.44
2014-06-19,,,,2106.43
2014-06-20,,,,2106.3
2014-06-23,,,,2099.79
2014-06-24,,,,2111.14
2014-06-25,,,,2111.49
2014-06-26,,,,2113.53
2014-06-27,,,,2142.78
2014-06-30,,,,2179.54
2014-07-01,,,,2173.62
2014-07-02,,,,2193.48
2014-07-03,,,,2197.52
2014-07-04,,,,2231.63
2014-07-07,,,,2256.4
2014-07-08,,,,2204.34
2014-07-09,,,,2184.34
2014-07-10,,,,2173.11
2014-07-11,,,,2163.99
2014-07-14,,,,2154.05
2014-07-15,,,,2172.21
2014-07-16,,,,2194.83
2014-07-17,,,,2218.32
2014-07-18,,,,2234.35
2014-07-21,,,,2229.07
2014-07-22,,,,2231.51
2014-07-23,,,,2224.97
2014-07-24,,,,2215.37
2014-07-25,,,,2202.46
2014-07-28,,,,2195.04
2014-07-30,,,,2186.58
2014-07-31,,,,2184.11
2014-08-01,,,,2166.32
2014-08-04,,,,2184.74
2014-08-05,,,,2201.56
2014-08-06,,,,2195.15
2014-08-07,,,,2186.73
2014-08-08,,,,2162.23
2014-08-11,,,,2163.3
2014-08-12,,,,2177.22
2014-08-13,,,,2192.86
2014-08-14,,,,2205.45
2014-08-18,,,,2227.41
2014-08-19,,,,2235.49
2014-08-20,,,,2232.26
2014-08-21,,,,2242.98
2014-08-22,,,,2244.58
2014-08-25,,,,2234.09
2014-08-26,,,,2237.57
2014-08-27,,,,2246.84
2014-08-28,,,,2241.74
2014-09-01,,,,2268.69
2014-09-02,,,,2279.44
2014-09-03,,,,2305.41
2014-09-04,,,,2324.02
2014-09-05,,,,2330.32
2014-09-08,,,,2352.42
2014-09-09,,,,2352.41
2014-09-10,,,,2340.44
2014-09-11,,,,2361.74
2014-09-12,,,,2378.63
2014-09-15,,,,2371.96
2014-09-16,,,,2322.76
2014-09-17,,,,2329.27
2014-09-18,,,,2368.67
2014-09-19,,,,2387.21
2014-09-22,,,,2395.61
2014-09-23,,,,2363.75
2014-09-24,,,,2343.86
2014-09-25,,,,2316.15
2014-09-26,,,,2326.28
2014-09-29,,,,2347.82
2014-09-30,,,,2355.84
2014-10-01,,,,2350.09
2014-10-07,,,,2327.32
2014-10-08,,,,2306.62
2014-10-09,,,,2328.92
2014-10-10,,,,2302.85
2014-10-13,,,,2307.27
2014-10-14,,,,2310.11
2014-10-16,,,,2265.03
2014-10-17,,,,2264.18
2014-10-20,,,,2277.39
2014-10-21,,,,2281.76
2014-10-22,,,,2305.97
2014-10-23,,,,2324.33
2014-10-27,,,,2314.27
2014-10-28,,,,2312.59
2014-10-29,,,,2331.38
2014-10-30,,,,2342.12
2014-10-31,,,,2377.0
2014-11-03,,,,2390.47
2014-11-05,,,,2384.93
2014-11-07,,,,2385.8
2014-11-10,,,,2394.34
2014-11-11,,,,2401.93
2014-11-12,,,,2408.07
2014-11-13,,,,2404.63
2014-11-14,,,,2416.66
2014-11-17,,,,2437.09
2014-11-18,,,,2430.95
2014-11-19,,,,2417.49
2014-11-20,,,,2422.95
2014-11-21,,,,2435.75
2014-11-24,,,,2436.31
2014-11-25,,,,2395.35
2014-11-26,,,,2397.01
2014-11-27,,,,2411.94
2014-11-28,,,,2434.15
2014-12-01,,,,2433.49
2014-12-02,,,,2442.52
2014-12-03,,,,2466.98
2014-12-04,,,,2479.19
2014-12-05,,,,2468.02
2014-12-08,,,,2440.87
2014-12-09,,,,2416.33
2014-12-10,,,,2423.21
2014-12-11,,,,2405.0
2014-12-12,,,,2386.79
2014-12-15,,,,2373.11
2014-12-16,,,,2318.75
2014-12-17,,,,2310.07
2014-12-18,,,,2340.4
2014-12-19,,,,2366.78
2014-12-22,,,,2380.04
2014-12-23,,,,2380.54
2014-12-24,,,,2364.63
2014-12-26,,,,2373.27
2014-12-29,,,,2384.28
2014-12-30,,,,2387.67
2014-12-31,,,,2414.3
2015-01-01,,,,2422.89
2015-01-02,,,,2446.08
2015-01-05,,,,2448.04
2015-01-06,,,,2384.0
2015-01-07,,,,2378.52
2015-01-08,,,,2409.64
2015-01-09,,,,2425.23
2015-01-12,,,,2446.02
2015-01-13,,,,2440.8
2015-01-14,,,,2439.68
2015-01-15,,,,2470.15
2015-01-16,,,,2480.91
2015-01-19,,,,2496.92
2015-01-20,,,,2518.98
2015-01-21,,,,2517.48
2015-01-22,,,,2521.44
2015-01-23,,,,2513.75
2015-01-27,,,,2500.8
2015-01-28,,,,2513.33
2015-01-29,,,,2516.55
2015-01-30,,,,2516.38
2015-02-02,,,,2521.01
2015-02-03,,,,2517.17
2015-02-04,,,,2516.36
2015-02-05,,,,2512.82
2015-02-06,,,,2496.79
2015-02-09,,,,2485.99
2015-02-10,,,,2498.17
2015-02-11,,,,2522.89
2015-02-12,,,,2540.87
2015-02-13,,,,2569.19
2015-02-16,,,,2565.39
2015-02-18,,,,2571.94
2015-02-19,,,,2581.73
2015-02-20,,,,2569.44
2015-02-23,,,,2542.43
2015-02-24,,,,2549.67
2015-02-25,,,,2551.38
2015-02-26,,,,2533.64
2015-02-27,,,,2569.8
2015-02-28,,,,2559.62
2015-03-02,,,,2589.18
2015-03-03,,,,2610.32
2015-03-04,,,,2590.7
2015-03-05,,,,2604.26
2015-03-09,,,,2589.74
2015-03-10,,,,2581.02
2015-03-11,,,,2577.86
2015-03-12,,,,2605.68
2015-03-13,,,,2569.31
2015-03-16,,,,2559.23
2015-03-17,,,,2573.04
2015-03-18,,,,2574.68
2015-03-19,,,,2567.32
2015-03-20,,,,2556.5
2015-03-23,,,,2544.52
2015-03-24,,,,2549.32
2015-03-25,,,,2548.65
2015-03-26,,,,2520.39
2015-03-27,,,,2522.33
2015-03-30,,,,2563.87
2015-03-31,,,,2566.84
2015-04-01,,,,2596.9
2015-04-06,,,,2619.77
2015-04-07,,,,2635.4
2015-04-08,,,,2648.7
2015-04-09,,,,2653.72
2015-04-10,,,,2667.54
2015-04-13,,,,2682.4
2015-04-15,,,,2656.82
2015-04-16,,,,2645.85
2015-04-17,,,,2615.02
2015-04-20,,,,2545.71
2015-04-21,,,,2517.98
2015-04-22,,,,2514.66
2015-04-23,,,,2514.61
2015-04-24,,,,2476.81
2015-04-27,,,,2431.1
2015-04-28,,,,2461.2
2015-04-29,,,,2459.03
2015-04-30,,,,2436.92
2015-05-04,,,,2475.75
2015-05-05,,,,2469.28
2015-05-06,,,,2417.98
2015-05-07,,,,2407.61
2015-05-08,,,,2453.56
2015-05-11,,,,2474.67
2015-05-12,,,,2442.73
2015-05-13,,,,2457.51
2015-05-14,,,,2469.61
2015-05-15,,,,2483.98
2015-05-18,,,,2506.42
2015-05-19,,,,2501.53
2015-05-20,,,,2505.59
2015-05-21,,,,2515.81
2015-05-22,,,,2536.72
2015-05-25,,,,2530.5
2015-05-26,,,,2533.72
2015-05-27,,,,2521.31
2015-05-28,,,,2503.81
2015-05-29,,,,2534.62
2015-06-01,,,,2534.2
2015-06-02,,,,2480.83
2015-06-03,,,,2442.04
2015-06-04,,,,2445.83
2015-06-05,,,,2449.24
2015-06-08,,,,2427.07
2015-06-09,,,,2417.25
2015-06-10,,,,2441.6
2015-06-11,,,,2400.75
2015-06-12,,,,2390.66
2015-06-15,,,,2395.1
2015-06-16,,,,2407.97
2015-06-17,,,,2435.47
2015-06-18,,,,2461.55
2015-06-19,,,,2462.17
2015-06-22,,,,2506.47
2015-06-23,,,,2500.53
2015-06-24,,,,2491.64
2015-06-25,,,,2509.83
2015-06-26,,,,2516.44
2015-06-29,,,,2478.78
2015-06-30,,,,2492.18
2015-07-01,,,,2519.05
2015-07-02,,,,2524.04
2015-07-03,,,,2522.15
2015-07-06,,,,2537.86
2015-07-07,,,,2547.17
2015-07-08,,,,2504.1
2015-07-09,,,,2490.78
2015-07-10,,,,2488.93
2015-07-13,,,,2512.98
2015-07-14,,,,2519.76
2015-07-15,,,,2535.89
2015-07-16,,,,2545.07
2015-07-17,,,,2557.2
2015-07-20,,,,2550.41
2015-07-21,,,,2510.75
2015-07-22,,,,2528.05
2015-07-23,,,,2533.98
2015-07-24,,,,2513.66
2015-07-27,,,,2485.74
2015-07-28,,,,2479.43
2015-07-29,,,,2488.68
2015-07-30,,,,2500.07
2015-07-31,,,,2531.64
2015-08-03,,,,2551.19
2015-08-04,,,,2557.65
2015-08-05,,,,2584.01
2015-08-06,,,,2604.6
2015-08-07,,,,2603.96
2015-08-10,,,,2596.53
2015-08-11,,,,2575.06
2015-08-12,,,,2546.23
2015-08-13,,,,2528.82
2015-08-14,,,,2572.45
2015-08-17,,,,2582.42
2015-08-18,,,,2586.71
2015-08-19,,,,2610.56
2015-08-20,,,,2576.15
2015-08-21,,,,2561.44
2015-08-24,,,,2375.64
2015-08-25,,,,2405.63
2015-08-26,,,,2390.83
2015-08-27,,,,2433.23
2015-08-28,,,,2446.3
2015-08-31,,,,2442.93
2015-09-01,,,,2402.89
2015-09-02,,,,2398.43
2015-09-03,,,,2426.84
2015-09-04,,,,2369.67
2015-09-07,,,,2335.0
2015-09-08,,,,2348.34
2015-09-09,,,,2390.09
2015-09-10,,,,2372.92
2015-09-11,,,,2390.92
2015-09-14,,,,2403.99
2015-09-15,,,,2394.87
2015-09-16,,,,2386.42
2015-09-18,,,,2416.03
2015-09-21,,,,2425.81
2015-09-22,,,,2395.42
2015-09-23,,,,2393.26
2015-09-24,,,,2411.97
2015-09-28,,,,2412.5
2015-09-29,,,,2408.85
2015-09-30,,,,2450.08
2015-10-01,,,,2450.45
2015-10-05,,,,2477.75
2015-10-06,,,,2491.19
2015-10-07,,,,2488.05
2015-10-08,,,,2481.9
2015-10-09,,,,2488.15
2015-10-12,,,,2482.49
2015-10-13,,,,2487.43
2015-10-14,,,,2480.31
2015-10-15,,,,2490.24
2015-10-16,,,,2503.47
2015-10-19,,,,2520.42
2015-10-20,,,,2526.37
2015-10-21,,,,2516.1
2015-10-23,,,,2527.14
2015-10-26,,,,2537.5
2015-10-27,,,,2538.02
2015-10-28,,,,2530.49
2015-10-29,,,,2525.95
2015-10-30,,,,2519.2
2015-11-02,,,,2512.26
2015-11-03,,,,2524.96
2015-11-04,,,,2523.96
2015-11-05,,,,2486.23
2015-11-06,,,,2465.83
2015-11-09,,,,2475.84
2015-11-10,,,,2437.87
2015-11-11,,,,2456.68
2015-11-13,,,,2438.08
2015-11-16,,,,2445.07
2015-11-17,,,,2464.51
2015-11-18,,,,2446.61
2015-11-19,,,,2470.13
2015-11-20,,,,2492.88
2015-11-23,,,,2479.83
2015-11-24,,,,2478.43
2015-11-26,,,,2487.67
2015-11-27,,,,2500.8
2015-11-30,,,,2501.23
2015-12-01,,,,2511.57
2015-12-02,,,,2504.83
2015-12-03,,,,2488.61
2015-12-04,,,,2471.22
2015-12-07,,,,2471.34
2015-12-08,,,,2451.77
2015-12-09,,,,2422.58
2015-12-10,,,,2439.72
2015-12-11,,,,2438.39
2015-12-14,,,,2451.72
2015-12-15,,,,2475.13
2015-12-16,,,,2483.3
2015-12-17,,,,2515.17
2015-12-18,,,,2500.51
2015-12-21,,,,2509.82
2015-12-22,,,,2497.2
2015-12-23,,,,2517.51
2015-12-24,,,,2524.52
2015-12-28,,,,2535.16
2015-12-29,,,,2527.55
2015-12-30,,,,2536.54
2015-12-31,,,,2557.23
2016-01-01,,,,2560.79
2016-01-04,,,,2544.08
2016-01-05,,,,2542.97
2016-01-06,,,,2522.14
2016-01-07,,,,2461.94
2016-01-08,,,,2480.26
2016-01-11,,,,2464.09
2016-01-12,,,,2446.27
2016-01-13,,,,2430.57
2016-01-14,,,,2409.57
2016-01-15,,,,2358.35
2016-01-18,,,,2315.32
2016-01-19,,,,2336.41
2016-01-20,,,,2302.25
2016-01-21,,,,2294.6
2016-01-22,,,,2329.73
2016-01-25,,,,2349.94
2016-01-27,,,,2359.26
2016-01-28,,,,2362.16
2016-01-29,,,,2403.96
2016-02-01,,,,2407.44
2016-02-02,,,,2401.25
2016-02-03,,,,2358.82
2016-02-04,,,,2355.35
2016-02-05,,,,2377.55
2016-02-08,,,,2363.07
2016-02-09,,,,2328.87
2016-02-10,,,,2298.12
2016-02-11,,,,2215.01
2016-02-12,,,,2191.75
2016-02-15,,,,2250.99
2016-02-16,,,,2212.76
2016-02-17,,,,2233.6
2016-02-18,,,,2251.74
2016-02-19,,,,2262.47
2016-02-22,,,,2271.67
2016-02-23,,,,2242.95
2016-02-24,,,,2220.8
2016-02-25,,,,2206.61
2016-02-26,,,,2208.97
2016-02-29,,,,2198.06
2016-03-01,,,,2259.21
2016-03-02,,,,2292.14
2016-03-03,,,,2315.31
2016-03-04,,,,2309.11
2016-03-08,,,,2298.33
2016-03-09,,,,2298.62
2016-03-10,,,,2297.86
2016-03-11,,,,2302.21
2016-03-14,,,,2320.93
2016-03-15,,,,2303.35
2016-03-16,,,,2307.23
2016-03-17,,,,2325.45
2016-03-18,,,,2346.06
2016-03-21,,,,2370.54
2016-03-22,,,,2366.84
2016-03-23,,,,2365.71
2016-03-28,,,,2331.82
2016-03-29,,,,2333.83
2016-03-30,,,,2378.89
2016-03-31,,,,2390.43
2016-04-01,,,,2386.87
2016-04-04,,,,2405.77
2016-04-05,,,,2371.54
2016-04-06,,,,2378.88
2016-04-07,,,,2364.48
2016-04-08,,,,2353.47
2016-04-11,,,,2382.88
2016-04-12,,,,2405.24
2016-04-13,,,,2443.03
2016-04-18,,,,2471.0
2016-04-20,,,,2470.22
2016-04-21,,,,2453.99
2016-04-22,,,,2447.52
2016-04-25,,,,2440.79
2016-04-26,,,,2466.11
2016-04-27,,,,2473.97
2016-04-28,,,,2437.94
2016-04-29,,,,2428.78
2016-05-02,,,,2418.87
2016-05-03,,,,2400.01
2016-05-04,,,,2379.53
2016-05-05,,,,2386.26
2016-05-06,,,,2384.34
2016-05-09,,,,2402.17
2016-05-10,,,,2404.95
2016-05-11,,,,2396.59
2016-05-12,,,,2416.75
2016-05-13,,,,2403.71
2016-05-16,,,,2414.97
2016-05-17,,,,2420.4
2016-05-18,,,,2417.71
2016-05-19,,,,2406.58
2016-05-20,,,,2407.47
2016-05-23,,,,2406.91
2016-05-24,,,,2409.71
2016-05-25,,,,2439.12
2016-05-26,,,,2458.15
2016-05-27,,,,2489.71
2016-05-30,,,,2502.9
2016-05-31,,,,2502.47
2016-06-01,,,,2506.48
2016-06-02,,,,2508.31
2016-06-03,,,,2507.14
2016-06-06,,,,2508.84
2016-06-07,,,,2527.26
2016-06-08,,,,2535.33
2016-06-09,,,,2514.22
2016-06-10,,,,2501.76
2016-06-13,,,,2494.19
2016-06-14,,,,2496.3
2016-06-15,,,,2516.68
2016-06-16,,,,2504.64
2016-06-17,,,,2512.08
2016-06-20,,,,2534.44
2016-06-21,,,,2539.36
2016-06-22,,,,2529.29
2016-06-23,,,,2547.97
2016-06-24,,,,2490.8
2016-06-27,,,,2497.6
2016-06-28,,,,2501.0
2016-06-29,,,,2530.56
2016-06-30,,,,2565.88
2016-07-01,,,,2577.88
2016-07-04,,,,2584.75
2016-07-05,,,,2580.8
2016-07-07,,,,2569.55
2016-07-08,,,,2563.55
2016-07-11,,,,2586.15
2016-07-12,,,,2589.92
2016-07-13,,,,2582.3
2016-07-14,,,,2589.49
2016-07-15,,,,2573.89
2016-07-18,,,,2569.98
2016-07-19,,,,2556.69
2016-07-20,,,,2570.18
2016-07-21,,,,2566.38
2016-07-22,,,,2567.22
2016-07-25,,,,2592.45
2016-07-26,,,,2564.1
2016-07-27,,,,2571.39
2016-07-28,,,,2588.73
2016-07-29,,,,2579.35
2016-08-01,,,,2603.35
2016-08-02,,,,2590.99
2016-08-03,,,,2561.89
2016-08-04,,,,2574.73
2016-08-05,,,,2597.1
2016-08-08,,,,2611.01
2016-08-09,,,,2604.42
2016-08-10,,,,2574.41
2016-08-11,,,,2583.52
2016-08-12,,,,2592.17
2016-08-16,,,,2584.94
2016-08-17,,,,2584.93
2016-08-18,,,,2598.39
2016-08-19,,,,2609.91
2016-08-22,,,,2596.42
2016-08-23,,,,2606.69
2016-08-24,,,,2623.01
2016-08-25,,,,2602.96
2016-08-26,,,,2599.3
2016-08-29,,,,2613.99
2016-08-30,,,,2644.98
2016-08-31,,,,2647.6
2016-09-01,,,,2637.4
2016-09-02,,,,2653.48
2016-09-06,,,,2683.57
2016-09-07,,,,2686.74
2016-09-08,,,,2701.77
2016-09-09,,,,2684.75
2016-09-12,,,,2630.83
2016-09-14,,,,2645.92
2016-09-15,,,,2655.25
2016-09-16,,,,2658.59
2016-09-19,,,,2668.59
2016-09-20,,,,2659.74
2016-09-21,,,,2666.1
2016-09-22,,,,2689.55
2016-09-23,,,,2684.24
2016-09-26,,,,2659.77
2016-09-27,,,,2667.8
2016-09-28,,,,2688.67
2016-09-29,,,,2632.26
2016-09-30,,,,2659.03
2016-10-03,,,,2723.46
2016-10-04,,,,2757.51
2016-10-05,,,,2775.17
2016-10-06,,,,2749.1
2016-10-07,,,,2755.43
2016-10-10,,,,2765.93
2016-10-13,,,,2724.51
2016-10-14,,,,2738.3
2016-10-17,,,,2715.23
2016-10-18,,,,2744.98
2016-10-19,,,,2757.42
2016-10-20,,,,2762.4
2016-10-21,,,,2779.4
2016-10-24,,,,2780.42
2016-10-25,,,,2767.1
2016-10-26,,,,2743.1
2016-10-27,,,,2717.96
2016-10-28,,,,2726.0
2016-10-30,,,,2742.37
2016-11-01,,,,2731.72
2016-11-02,,,,2676.52
2016-11-03,,,,2655.23
2016-11-04,,,,2626.17
2016-11-07,,,,2639.44
2016-11-08,,,,2646.94
2016-11-09,,,,2613.45
2016-11-10,,,,2635.96
2016-11-11,,,,2555.91
2016-11-15,,,,2483.31
2016-11-16,,,,2495.34
2016-11-17,,,,2475.11
2016-11-18,,,,2484.79
2016-11-21,,,,2420.87
2016-11-22,,,,2456.05
2016-11-23,,,,2468.36
2016-11-24,,,,2457.38
2016-11-25,,,,2514.23
2016-11-28,,,,2520.46
2016-11-29,,,,2531.27
2016-11-30,,,,2566.46
2016-12-01,,,,2552.88
2016-12-02,,,,2517.46
2016-12-05,,,,2515.95
2016-12-06,,,,2526.72
2016-12-07,,,,2508.1
2016-12-08,,,,2547.38
2016-12-09,,,,2551.18
2016-12-12,,,,2533.07
2016-12-13,,,,2550.29
2016-12-14,,,,2543.51
2016-12-15,,,,2543.25
2016-12-16,,,,2541.55
2016-12-19,,,,2542.03
2016-12-20,,,,2526.62
2016-12-21,,,,2521.23
2016-12-22,,,,2497.21
2016-12-23,,,,2494.35
2016-12-26,,,,2461.47
2016-12-27,,,,2492.43
2016-12-28,,,,2503.81
2016-12-29,,,,2536.73
2016-12-30,,,,2544.11
2017-01-02,,,,2555.19
2017-01-03,,,,2568.28
2017-01-04,,,,2580.32
2017-01-05,,,,2609.16
2017-01-06,,,,2591.61
2017-01-09,,,,2600.69
2017-01-10,,,,2619.91
2017-01-11,,,,2638.91
2017-01-12,,,,2640.34
2017-01-13,,,,2645.99
2017-01-16,,,,2653.17
2017-01-17,,,,2662.83
2017-01-18,,,,2676.28
2017-01-19,,,,2674.12
2017-01-20,,,,2639.71
2017-01-23,,,,2640.11
2017-01-24,,,,2641.53
2017-01-25,,,,2658.78
2017-01-27,,,,2680.12
2017-01-30,,,,2672.79
2017-01-31,,,,2641.43
2017-02-01,,,,2675.6
2017-02-02,,,,2698.0
2017-02-03,,,,2714.77
2017-02-06,,,,2737.24
2017-02-07,,,,2710.1
2017-02-08,,,,2708.5
2017-02-09,,,,2716.09
2017-02-10,,,,2732.91
2017-02-13,,,,2718.44
2017-02-14,,,,2695.6
2017-02-15,,,,2664.32
2017-02-16,,,,2688.62
2017-02-17,,,,2699.63
2017-02-20,,,,2728.88
2017-02-21,,,,2745.04
2017-02-22,,,,2731.09
2017-02-23,,,,2745.59
2017-02-27,,,,2740.03
2017-02-28,,,,2753.79
2017-03-01,,,,2772.62
2017-03-02,,,,2746.79
2017-03-03,,,,2754.89
2017-03-06,,,,2762.35
2017-03-07,,,,2756.2
2017-03-08,,,,2740.83
2017-03-09,,,,2741.76
2017-03-10,,,,2743.39
2017-03-14,,,,2780.31
2017-03-15,,,,2803.02
2017-03-16,,,,2827.03
2017-03-17,,,,2837.93
2017-03-20,,,,2834.68
2017-03-21,,,,2835.9
2017-03-22,,,,2812.74
2017-03-23,,,,2829.8
2017-03-24,,,,2845.56
2017-03-27,,,,2840.46
2017-03-28,,,,2856.14
2017-03-29,,,,2879.5
2017-03-30,,,,2893.33
2017-03-31,,,,2912.99
2017-04-03,,,,2929.65
2017-04-05,,,,2940.64
2017-04-06,,,,2931.42
2017-04-07,,,,2910.35
2017-04-10,,,,2909.17
2017-04-11,,,,2938.93
2017-04-12,,,,2928.65
2017-04-13,,,,2908.37
2017-04-17,,,,2901.42
2017-04-18,,,,2888.54
2017-04-19,,,,2902.84
2017-04-20,,,,2918.93
2017-04-21,,,,2914.77
2017-04-24,,,,2923.51
2017-04-25,,,,2948.37
2017-04-26,,,,2936.77
2017-04-27,,,,2942.17
2017-04-28,,,,2966.18
2017-05-02,,,,2977.03
2017-05-03,,,,2980.45
2017-05-04,,,,2991.57
2017-05-05,,,,2977.37
2017-05-08,,,,2985.67
2017-05-09,,,,2999.95
2017-05-10,,,,3023.95
2017-05-11,,,,3030.74
2017-05-12,,,,3020.15
2017-05-15,,,,3042.09
2017-05-16,,,,3060.18
2017-05-17,,,,3052.66
2017-05-18,,,,3012.96
2017-05-19,,,,3001.72
2017-05-22,,,,2983.87
2017-05-23,,,,2952.61
2017-05-24,,,,2931.41
2017-05-25,,,,2978.84
2017-05-26,,,,3019.13
2017-05-29,,,,2995.86
2017-05-30,,,,3007.07
2017-05-31,,,,3041.33
2017-06-01,,,,3082.36
2017-06-02,,,,3122.29
2017-06-05,,,,3136.68
2017-06-06,,,,3114.09
2017-06-07,,,,3122.7
2017-06-08,,,,3128.63
2017-06-09,,,,3129.42
2017-06-12,,,,3115.64
2017-06-13,,,,3116.33
2017-06-14,,,,3147.45
2017-06-15,,,,3135.5
2017-06-16,,,,3136.15
2017-06-19,,,,3128.89
2017-06-20,,,,3120.5
2017-06-21,,,,3123.85
2017-06-22,,,,3117.7
2017-06-23,,,,3085.01
2017-06-27,,,,3046.86
2017-06-28,,,,3054.5
2017-06-29,,,,3074.74
2017-06-30,,,,3093.68
2017-07-03,,,,3144.24
2017-07-04,,,,3140.18
2017-07-05,,,,3156.85
2017-07-06,,,,3161.85
2017-07-07,,,,3163.48
2017-07-10,,,,3195.37
2017-07-11,,,,3183.86
2017-07-12,,,,3194.94
2017-07-13,,,,3228.3
2017-07-14,,,,3214.61
2017-07-17,,,,3212.04
2017-07-18,,,,3179.05
2017-07-19,,,,3203.79
2017-07-20,,,,3183.16
2017-07-21,,,,3184.87
2017-07-24,,,,3183.16
2017-07-25,,,,3185.29
2017-07-26,,,,3199.83
2017-07-27,,,,3190.72
2017-07-28,,,,3194.28
2017-07-31,,,,3191.0
2017-08-01,,,,3205.79
2017-08-02,,,,3190.51
2017-08-03,,,,3157.29
2017-08-04,,,,3165.36
2017-08-07,,,,3163.67
2017-08-08,,,,3134.05
2017-08-09,,,,3103.21
2017-08-10,,,,3049.96
2017-08-11,,,,3054.14
2017-08-14,,,,3122.87
2017-08-16,,,,3155.2
2017-08-17,,,,3174.25
2017-08-18,,,,3150.34
2017-08-21,,,,3113.47
2017-08-22,,,,3101.63
2017-08-23,,,,3134.29
2017-08-24,,,,3152.6
2017-08-28,,,,3187.52
2017-08-29,,,,3156.62
2017-08-30,,,,3188.31
2017-08-31,,,,3207.36
2017-09-01,,,,3238.12
2017-09-04,,,,3213.25
2017-09-05,,,,3239.35
2017-09-06,,,,3238.04
2017-09-07,,,,3246.82
2017-09-08,,,,3244.37
2017-09-11,,,,3243.56
2017-09-12,,,,3290.4
2017-09-13,,,,3275.1
2017-09-14,,,,3288.26
2017-09-15,,,,3300.27
2017-09-18,,,,3337.95
2017-09-19,,,,3334.06
2017-09-20,,,,3312.41
2017-09-21,,,,3298.21
2017-09-22,,,,3236.86
2017-09-25,,,,3185.75
2017-09-26,,,,3202.37
2017-09-27,,,,3144.13
2017-09-28,,,,3156.73
2017-09-29,,,,3182.32
2017-10-03,,,,3196.97
2017-10-04,,,,3212.43
2017-10-05,,,,3212.1
2017-10-06,,,,3234.56
2017-10-09,,,,3244.85
2017-10-10,,,,3260.05
2017-10-11,,,,3263.42
2017-10-12,,,,3296.42
2017-10-13,,,,3299.09
2017-10-16,,,,3315.49
2017-10-17,,,,3342.77
2017-10-18,,,,3329.91
2017-10-19,,,,3320.16
2017-10-23,,,,3338.02
2017-10-24,,,,3348.52
2017-10-25,,,,3341.35
2017-10-26,,,,3346.46
2017-10-27,,,,3357.37
2017-10-30,,,,3383.04
2017-10-31,,,,3402.02
2017-11-01,,,,3403.56
2017-11-02,,,,3406.79
2017-11-03,,,,3421.06
2017-11-06,,,,3433.5
2017-11-07,,,,3416.02
2017-11-08,,,,3405.04
2017-11-09,,,,3441.03
2017-11-10,,,,3458.15
2017-11-13,,,,3462.49
2017-11-14,,,,3451.84
2017-11-15,,,,3432.73
2017-11-16,,,,3467.33
2017-11-17,,,,3469.93
2017-11-20,,,,3493.85
2017-11-21,,,,3512.94
2017-11-22,,,,3508.33
2017-11-23,,,,3521.0
2017-11-24,,,,3524.21
2017-11-27,,,,3542.33
2017-11-28,,,,3549.76
2017-11-29,,,,3544.86
2017-11-30,,,,3529.78
2017-12-01,,,,3484.79
2017-12-04,,,,3487.28
2017-12-05,,,,3478.47
2017-12-06,,,,3464.16
2017-12-07,,,,3505.55
2017-12-08,,,,3530.5
2017-12-11,,,,3565.88
2017-12-12,,,,3549.43
2017-12-13,,,,3526.75
2017-12-14,,,,3528.9
2017-12-15,,,,3565.3
2017-12-18,,,,3597.7
2017-12-19,,,,3646.94
2017-12-20,,,,3659.24
2017-12-21,,,,3675.69
2017-12-22,,,,3690.63
2017-12-26,,,,3710.24
2017-12-27,,,,3715.48
2017-12-28,,,,3714.49
2017-12-29,,,,3747.83
2018-01-01,,,,3728.03
2018-01-02,,,,3713.53
2018-01-03,,,,3725.39
2018-01-04,,,,3749.92
2018-01-05,,,,3770.59
2018-01-08,,,,3784.8
2018-01-09,,,,3788.19
2018-01-10,,,,3788.34
2018-01-11,,,,3798.79
2018-01-12,,,,3803.98
2018-01-15,,,,3808.92
2018-01-16,,,,3787.56
2018-01-17,,,,3781.56
2018-01-18,,,,3744.89
2018-01-19,,,,3771.56
2018-01-22,,,,3787.07
2018-01-23,,,,3799.01
2018-01-24,,,,3790.7
2018-01-25,,,,3755.29
2018-01-29,,,,3760.92
2018-01-30,,,,3724.95
2018-01-31,,,,3686.42
2018-02-01,,,,3678.27
2018-02-02,,,,3571.98
2018-02-05,,,,3579.06
2018-02-06,,,,3514.96
2018-02-07,,,,3528.29
2018-02-08,,,,3586.17
2018-02-09,,,,3585.0
2018-02-12,,,,3635.81
2018-02-14,,,,3629.94
2018-02-15,,,,3608.5
2018-02-16,,,,3578.84
2018-02-19,,,,3559.79
2018-02-20,,,,3564.49
2018-02-21,,,,3574.71
2018-02-22,,,,3556.08
2018-02-23,,,,3604.44
2018-02-26,,,,3629.52
2018-02-27,,,,3624.72
2018-02-28,,,,3627.04
2018-03-01,,,,3620.02
2018-03-05,,,,3608.71
2018-03-06,,,,3576.69
2018-03-07,,,,3530.31
2018-03-08,,,,3554.18
2018-03-09,,,,3549.18
2018-03-12,,,,3593.94
2018-03-13,,,,3600.8
2018-03-14,,,,3596.52
2018-03-15,,,,3604.67
2018-03-16,,,,3555.98
2018-03-19,,,,3501.76
2018-03-20,,,,3528.28
2018-03-21,,,,3536.34
2018-03-22,,,,3515.21
2018-03-23,,,,3487.56
2018-03-26,,,,3512.52
2018-03-27,,,,3550.68
2018-03-28,,,,3540.69
2018-04-02,,,,3597.53
2018-04-03,,,,3603.17
2018-04-04,,,,3582.88
2018-04-05,,,,3639.09
2018-04-06,,,,3637.48
2018-04-09,,,,3654.05
2018-04-10,,,,3643.95
2018-04-11,,,,3666.59
2018-04-12,,,,3691.89
2018-04-13,,,,3694.82
2018-04-16,,,,3711.33
2018-04-17,,,,3703.18
2018-04-18,,,,3707.63
2018-04-19,,,,3724.82
2018-04-20,,,,3768.61
2018-04-23,,,,3788.71
2018-04-24,,,,3767.33
2018-04-25,,,,3763.2
2018-04-26,,,,3783.47
2018-04-27,,,,3776.4
2018-04-30,,,,3820.37
2018-05-02,,,,3779.67
2018-05-03,,,,3746.39
2018-05-04,,,,3720.07
2018-05-07,,,,3746.45
2018-05-08,,,,3746.94
2018-05-09,,,,3745.05
2018-05-10,,,,3716.13
2018-05-11,,,,3737.35
2018-05-14,,,,3722.52
2018-05-15,,,,3715.2
2018-05-16,,,,3725.89
2018-05-17,,,,3717.24
2018-05-18,,,,3680.13
2018-05-21,,,,3635.62
2018-05-22,,,,3646.74
2018-05-23,,,,3625.64
2018-05-24,,,,3641.02
2018-05-25,,,,3671.34
2018-05-28,,,,3704.06
2018-05-29,,,,3696.94
2018-05-30,,,,3688.73
2018-05-31,,,,3690.28
2018-06-01,,,,3673.33
2018-06-04,,,,3649.92
2018-06-05,,,,3615.01
2018-06-06,,,,3655.19
2018-06-07,,,,3693.86
2018-06-08,,,,3720.37
2018-06-11,,,,3726.67
2018-06-12,,,,3760.14
2018-06-13,,,,3767.59
2018-06-14,,,,3757.64
2018-06-15,,,,3774.74
2018-06-18,,,,3756.06
2018-06-19,,,,3721.77
2018-06-20,,,,3722.39
2018-06-21,,,,3700.27
2018-06-22,,,,3726.09
2018-06-25,,,,3721.56
2018-06-26,,,,3738.7
2018-06-27,,,,3720.93
2018-06-28,,,,3685.63
2018-06-29,,,,3724.7
2018-07-02,,,,3721.65
2018-07-03,,,,3759.77
2018-07-04,,,,3767.75
2018-07-05,,,,3775.3
2018-07-06,,,,3791.77
2018-07-09,,,,3830.95
2018-07-10,,,,3856.53
2018-07-11,,,,3869.03
2018-07-12,,,,3876.67
2018-07-13,,,,3853.36
2018-07-16,,,,3825.39
2018-07-17,,,,3847.35
2018-07-18,,,,3833.48
2018-07-19,,,,3818.95
2018-07-20,,,,3842.67
2018-07-23,,,,3865.78
2018-07-24,,,,3884.18
2018-07-25,,,,3870.51
2018-07-26,,,,3859.01
2018-07-27,,,,3896.37
2018-07-30,,,,3897.54
2018-07-31,,,,3921.25
2018-08-01,,,,3930.23
2018-08-02,,,,3906.87
2018-08-03,,,,3928.18
2018-08-06,,,,3910.23
2018-08-07,,,,3912.93
2018-08-08,,,,3916.62
2018-08-09,,,,3922.86
2018-08-10,,,,3919.61
2018-08-13,,,,3922.59
2018-08-14,,,,3956.5
2018-08-16,,,,3959.65
2018-08-17,,,,3986.5
2018-08-20,,,,3991.37
2018-08-21,,,,4001.32
2018-08-23,,,,4009.43
2018-08-24,,,,3990.63
2018-08-27,,,,4027.07
2018-08-28,,,,4034.88
2018-08-29,,,,4034.69
2018-08-30,,,,4045.45
2018-08-31,,,,4066.01
2018-09-03,,,,4038.86
2018-09-04,,,,4004.22
2018-09-05,,,,3996.8
2018-09-06,,,,4003.11
2018-09-07,,,,4027.9
2018-09-10,,,,3984.89
2018-09-11,,,,3945.74
2018-09-12,,,,3974.51
2018-09-14,,,,4011.38
2018-09-17,,,,3974.33
2018-09-18,,,,3959.73
2018-09-19,,,,3946.06
2018-09-21,,,,3918.75
2018-09-24,,,,3887.27
2018-09-25,,,,3920.07
2018-09-26,,,,3883.45
2018-09-27,,,,3858.49
2018-09-28,,,,3827.55
2018-10-01,,,,3871.37
2018-10-03,,,,3804.09
2018-10-04,,,,3707.55
2018-10-05,,,,3658.51
2018-10-08,,,,3637.13
2018-10-09,,,,3613.27
2018-10-10,,,,3659.4
2018-10-11,,,,3570.81
2018-10-12,,,,3632.8
2018-10-15,,,,3655.05
2018-10-16,,,,3670.82
2018-10-17,,,,3637.98
2018-10-19,,,,3608.18
2018-10-22,,,,3595.11
2018-10-23,,,,3519.47
2018-10-24,,,,3561.63
2018-10-25,,,,3576.32
2018-10-26,,,,3534.52
2018-10-29,,,,3597.86
2018-10-30,,,,3612.22
2018-10-31,,,,3674.22
2018-11-01,,,,3655.59
2018-11-02,,,,3697.24
2018-11-05,,,,3689.22
2018-11-06,,,,3682.37
2018-11-07,,,,3709.66
2018-11-09,,,,3733.47
2018-11-12,,,,3691.76
2018-11-13,,,,3703.96
2018-11-14,,,,3677.34
2018-11-15,,,,3678.67
2018-11-16,,,,3681.38
2018-11-19,,,,3714.25
2018-11-20,,,,3671.26
2018-11-21,,,,3650.13
2018-11-22,,,,3627.09
2018-11-26,,,,3685.59
2018-11-27,,,,3681.91
2018-11-28,,,,3690.91
2018-11-29,,,,3703.93
2018-11-30,,,,3735.64
2018-12-03,,,,3729.79
2018-12-04,,,,3733.39
2018-12-05,,,,3704.05
2018-12-06,,,,3635.72
2018-12-07,,,,3646.59
2018-12-10,,,,3588.32
2018-12-11,,,,3637.84
2018-12-12,,,,3713.19
2018-12-13,,,,3742.32
2018-12-14,,,,3746.88
2018-12-17,,,,3750.08
2018-12-18,,,,3753.77
2018-12-19,,,,3775.91
2018-12-20,,,,3775.95
2018-12-21,,,,3709.23
2018-12-24,,,,3679.99
2018-12-26,,,,3678.41
2018-12-27,,,,3693.61
2018-12-28,,,,3709.02
2018-12-31,,,,3717.7
2019-01-01,,,,3723.82
2019-01-02,,,,3693.12
2019-01-03,,,,3671.83
2019-01-04,,,,3660.59
2019-01-07,,,,3674.59
2019-01-08,,,,3679.34
2019-01-09,,,,3684.93
2019-01-10,,,,3679.07
2019-01-11,,,,3662.26
2019-01-14,,,,3652.66
2019-01-15,,,,3690.19
2019-01-16,,,,3682.9
2019-01-17,,,,3691.5
2019-01-18,,,,3684.77
2019-01-21,,,,3673.75
2019-01-22,,,,3653.03
2019-01-23,,,,3625.0
2019-01-24,,,,3618.65
2019-01-25,,,,3575.57
2019-01-28,,,,3553.83
2019-01-29,,,,3571.67
2019-01-30,,,,3579.14
2019-01-31,,,,3610.18
2019-02-01,,,,3680.57
2019-02-04,,,,3667.04
2019-02-05,,,,3678.38
2019-02-06,,,,3699.69
2019-02-07,,,,3728.11
2019-02-08,,,,3691.2
2019-02-11,,,,3674.88
2019-02-12,,,,3657.75
2019-02-13,,,,3650.46
2019-02-14,,,,3645.5
2019-02-15,,,,3617.34
2019-02-18,,,,3583.74
2019-02-19,,,,3552.95
2019-02-20,,,,3576.63
2019-02-21,,,,3587.93
2019-02-22,,,,3598.89
2019-02-25,,,,3639.46
2019-02-26,,,,3629.43
2019-02-27,,,,3635.89
2019-02-28,,,,3626.58
2019-03-01,,,,3663.57
2019-03-05,,,,3713.75
2019-03-06,,,,3710.53
2019-03-07,,,,3708.92
2019-03-08,,,,3693.87
2019-03-11,,,,3734.68
2019-03-12,,,,3763.93
2019-03-13,,,,3773.58
2019-03-14,,,,3765.85
2019-03-15,,,,3778.26
2019-03-18,,,,3757.22
2019-03-19,,,,3772.22
2019-03-20,,,,3774.21
2019-03-22,,,,3759.59
2019-03-25,,,,3736.5
2019-03-26,,,,3762.1
2019-03-27,,,,3771.84
2019-03-28,,,,3807.85
2019-03-29,,,,3831.31
2019-04-01,,,,3851.45
2019-04-02,,,,3849.81
2019-04-03,,,,3841.46
2019-04-04,,,,3829.18
2019-04-05,,,,3844.55
2019-04-08,,,,3838.49
2019-04-09,,,,3846.91
2019-04-10,,,,3812.11
2019-04-11,,,,3813.23
2019-04-12,,,,3835.66
2019-04-15,,,,3865.24
2019-04-16,,,,3895.18
2019-04-18,,,,3877.62
2019-04-22,,,,3832.08
2019-04-23,,,,3814.3
2019-04-24,,,,3843.24
2019-04-25,,,,3818.64
2019-04-26,,,,3830.62
2019-04-30,,,,3823.64
2019-05-02,,,,3790.0
2019-05-03,,,,3763.2
2019-05-06,,,,3735.64
2019-05-07,,,,3718.61
2019-05-08,,,,3689.86
2019-05-09,,,,3690.4
2019-05-10,,,,3659.15
2019-05-13,,,,3629.02
2019-05-14,,,,3624.14
2019-05-15,,,,3604.02
2019-05-16,,,,3623.48
2019-05-17,,,,3676.1
2019-05-20,,,,3785.62
2019-05-21,,,,3735.58
2019-05-22,,,,3741.58
2019-05-23,,,,3735.68
2019-05-24,,,,3788.29
2019-05-27,,,,3792.11
2019-05-28,,,,3802.18
2019-05-29,,,,3790.54
2019-05-30,,,,3800.98
2019-05-31,,,,3814.12
2019-06-03,,,,3889.51
2019-06-04,,,,3853.4
2019-06-06,,,,3820.83
2019-06-07,,,,3821.3
2019-06-10,,,,3843.81
2019-06-11,,,,3866.93
2019-06-12,,,,3841.7
2019-06-13,,,,3819.01
2019-06-14,,,,3779.23
2019-06-17,,,,3749.14
2019-06-18,,,,3754.27
2019-06-19,,,,3741.54
2019-06-20,,,,3788.55
2019-06-21,,,,3754.55
2019-06-24,,,,3752.91
2019-06-25,,,,3763.64
2019-06-26,,,,3762.05
2019-06-27,,,,3758.59
2019-06-28,,,,3751.73
2019-07-01,,,,3759.06
2019-07-02,,,,3768.72
2019-07-03,,,,3769.56
2019-07-04,,,,3773.74
2019-07-05,,,,3734.36
2019-07-08,,,,3652.77
2019-07-09,,,,3641.16
2019-07-10,,,,3609.87
2019-07-11,,,,3642.45
2019-07-12,,,,3634.87
2019-07-15,,,,3644.33
2019-07-16,,,,3664.71
2019-07-17,,,,3677.66
2019-07-18,,,,3636.07
2019-07-19,,,,3571.07
2019-07-22,,,,3553.4
2019-07-23,,,,3570.67
2019-07-24,,,,3542.15
2019-07-25,,,,3537.71
2019-07-26,,,,3555.26
2019-07-29,,,,3537.11
2019-07-30,,,,3515.9
2019-07-31,,,,3554.71
2019-08-01,,,,3507.58
2019-08-02,,,,3510.73
2019-08-05,,,,3479.41
2019-08-06,,,,3525.32
2019-08-07,,,,3525.97
2019-08-08,,,,3576.89
2019-08-09,,,,3599.75
2019-08-13,,,,3513.66
2019-08-14,,,,3543.53
2019-08-16,,,,3565.49
2019-08-19,,,,3569.35
2019-08-20,,,,3575.88
2019-08-21,,,,3554.91
2019-08-22,,,,3517.51
2019-08-23,,,,3530.06
2019-08-26,,,,3588.14
2019-08-27,,,,3597.0
2019-08-28,,,,3593.73
2019-08-29,,,,3577.49
2019-08-30,,,,3612.73
2019-09-03,,,,3562.83
2019-09-04,,,,3554.98
2019-09-05,,,,3562.14
2019-09-06,,,,3583.79
2019-09-09,,,,3597.4
2019-09-11,,,,3603.27
2019-09-12,,,,3579.71
2019-09-13,,,,3603.08
2019-09-16,,,,3595.67
2019-09-17,,,,3552.45
2019-09-18,,,,3563.33
2019-09-19,,,,3521.13
2019-09-20,,,,3711.02
2019-09-23,,,,3830.59
2019-09-24,,,,3842.67
2019-09-25,,,,3793.43
2019-09-26,,,,3822.08
2019-09-27,,,,3799.74
2019-09-30,,,,3797.66
2019-10-01,,,,3754.84
2019-10-03,,,,3742.39
2019-10-04,,,,3720.23
2019-10-07,,,,3697.03
2019-10-09,,,,3734.23
2019-10-10,,,,3695.01
2019-10-11,,,,3722.5
2019-10-14,,,,3727.23
2019-10-15,,,,3748.51
2019-10-16,,,,3756.15
2019-10-17,,,,3798.8
2019-10-18,,,,3829.85
2019-10-22,,,,3779.94
2019-10-23,,,,3795.39
2019-10-24,,,,3774.81
2019-10-25,,,,3783.23
2019-10-27,,,,3799.61
2019-10-29,,,,3856.98
2019-10-30,,,,3871.65
2019-10-31,,,,3900.08
2019-11-01,,,,3911.41
2019-11-04,,,,3898.72
2019-11-05,,,,3881.03
2019-11-06,,,,3871.4
2019-11-07,,,,3891.86
2019-11-08,,,,3863.95
2019-11-11,,,,3862.41
2019-11-13,,,,3838.01
2019-11-14,,,,3850.92
2019-11-15,,,,3838.84
2019-11-18,,,,3834.1
2019-11-19,,,,3823.06
2019-11-20,,,,3840.08
2019-11-21,,,,3821.16
2019-11-22,,,,3789.94
2019-11-25,,,,3845.98
2019-11-26,,,,3817.58
2019-11-27,,,,3842.26
2019-11-28,,,,3857.68
2019-11-29,,,,3856.57
2019-12-02,,,,3832.04
2019-12-03,,,,3820.19
2019-12-04,,,,3831.49
2019-12-05,,,,3837.6
2019-12-06,,,,3805.25
2019-12-09,,,,3790.86
2019-12-10,,,,3757.79
2019-12-11,,,,3780.43
2019-12-12,,,,3789.93
2019-12-13,,,,3829.97
2019-12-16,,,,3818.94
2019-12-17,,,,3852.54
2019-12-18,,,,3865.43
2019-12-19,,,,3872.59
2019-12-20,,,,3871.97
2019-12-23,,,,3879.28
2019-12-24,,,,3868.23
2019-12-26,,,,3857.56
2019-12-27,,,,3885.15
2019-12-30,,,,3894.24
2019-12-31,,,,3878.12
2020-01-01,,,,3884.92
2020-01-02,,,,3908.84
2020-01-03,,,,3903.43
2020-01-06,,,,3829.4
2020-01-07,,,,3841.69
2020-01-08,,,,3852.93
2020-01-09,,,,3895.75
2020-01-10,,,,3918.25
2020-01-13,,,,3962.47
2020-01-14,,,,3986.16
2020-01-15,,,,3998.52
2020-01-16,,,,4007.79
2020-01-17,,,,4014.61
2020-01-20,,,,3986.14
2020-01-21,,,,3973.72
2020-01-22,,,,3969.0
2020-01-23,,,,3995.83
2020-01-24,,,,4014.47
2020-01-27,,,,3992.35
2020-01-28,,,,3984.33
2020-01-29,,,,4017.73
2020-01-30,,,,3991.67
2020-01-31,,,,3960.78
2020-02-01,,,,3901.45
2020-02-03,,,,3934.31
2020-02-04,,,,4000.79
2020-02-05,,,,4011.38
2020-02-06,,,,4021.34
2020-02-07,,,,4023.72
2020-02-10,,,,4005.47
2020-02-11,,,,4021.02
2020-02-12,,,,4040.42
2020-02-13,,,,4029.35
2020-02-14,,,,3998.96
2020-02-17,,,,3980.56
2020-02-18,,,,3967.03
2020-02-19,,,,4005.82
2020-02-20,,,,3995.1
2020-02-24,,,,3927.57
2020-02-25,,,,3933.05
2020-02-26,,,,3900.62
2020-02-27,,,,3876.55
2020-02-28,,,,3747.84
2020-03-02,,,,3739.02
2020-03-03,,,,3787.21
2020-03-04,,,,3750.52
2020-03-05,,,,3780.87
2020-03-06,,,,3722.3
2020-03-09,,,,3565.76
2020-03-11,,,,3541.49
2020-03-12,,,,3287.92
2020-03-13,,,,3338.05
2020-03-16,,,,3112.1
2020-03-17,,,,3070.45
2020-03-18,,,,2888.96
2020-03-19,,,,2778.56
2020-03-20,,,,2953.91
2020-03-23,,,,2571.67
2020-03-24,,,,2653.24
2020-03-25,,,,2763.82
2020-03-26,,,,2888.55
2020-03-27,,,,2866.9
2020-03-30,,,,2782.14
2020-03-31,,,,2828.8
2020-04-01,,,,2738.58
2020-04-03,,,,2682.41
2020-04-07,,,,2887.34
2020-04-08,,,,2911.89
2020-04-09,,,,3012.02
2020-04-13,,,,2952.38
2020-04-15,,,,2980.39
2020-04-16,,,,2984.54
2020-04-17,,,,3065.97
2020-04-20,,,,3067.58
2020-04-21,,,,2945.61
2020-04-22,,,,2992.28
2020-04-23,,,,3027.61
2020-04-24,,,,2948.06
2020-04-27,,,,3001.24
2020-04-28,,,,3048.35
2020-04-29,,,,3093.59
2020-04-30,,,,3177.87
2020-05-04,,,,2991.86
2020-05-05,,,,2957.84
2020-05-06,,,,2970.45
2020-05-07,,,,2953.3
2020-05-08,,,,2941.73
2020-05-11,,,,2958.14
2020-05-12,,,,2959.59
2020-05-13,,,,3003.05
2020-05-14,,,,2944.78
2020-05-15,,,,2941.03
2020-05-18,,,,2840.51
2020-05-19,,,,2852.54
2020-05-20,,,,2884.53
2020-05-21,,,,2913.21
2020-05-22,,,,2905.28
2020-05-26,,,,2913.96
2020-05-27,,,,2965.32
2020-05-28,,,,3023.62
2020-05-29,,,,3063.27
2020-06-01,,,,3158.9
2020-06-02,,,,3204.14
2020-06-03,,,,3225.15
2020-06-04,,,,3214.83
2020-06-05,,,,3234.77
2020-06-08,,,,3251.23
2020-06-09,,,,3234.19
2020-06-10,,,,3266.15
2020-06-11,,,,3223.32
2020-06-12,,,,3246.79
2020-06-15,,,,3184.89
2020-06-16,,,,3191.7
2020-06-17,,,,3203.21
2020-06-18,,,,3246.07
2020-06-19,,,,3279.58
2020-06-22,,,,3326.8
2020-06-23,,,,3395.12
2020-06-24,,,,3343.25
2020-06-25,,,,3351.48
2020-06-26,,,,3375.57
2020-06-29,,,,3339.25
2020-06-30,,,,3328.51
2020-07-01,,,,3361.82
2020-07-02,,,,3398.06
2020-07-03,,,,3410.81
2020-07-06,,,,3476.23
2020-07-07,,,,3511.2
2020-07-08,,,,3475.77
2020-07-09,,,,3489.26
2020-07-10,,,,3469.83
2020-07-13,,,,3466.11
2020-07-14,,,,3422.34
2020-07-15,,,,3432.79
2020-07-16,,,,3461.69
2020-07-17,,,,3505.13
2020-07-20,,,,3542.99
2020-07-21,,,,3552.85
2020-07-22,,,,3551.79
2020-07-23,,,,3598.78
2020-07-24,,,,3599.99
2020-07-27,,,,3589.97
2020-07-28,,,,3611.18
2020-07-29,,,,3598.25
2020-07-30,,,,3572.87
2020-07-31,,,,3577.75
2020-08-03,,,,3562.89
2020-08-04,,,,3575.25
2020-08-05,,,,3603.55
2020-08-06,,,,3635.92
2020-08-07,,,,3647.43
2020-08-10,,,,3679.02
2020-08-11,,,,3681.61
2020-08-12,,,,3698.33
2020-08-13,,,,3723.87
2020-08-14,,,,3685.09
2020-08-17,,,,3723.68
2020-08-18,,,,3777.82
2020-08-19,,,,3792.41
2020-08-20,,,,3812.39
2020-08-21,,,,3849.93
2020-08-24,,,,3927.4
2020-08-25,,,,3922.13
2020-08-26,,,,3934.09
2020-08-27,,,,3956.19
2020-08-28,,,,3977.27
2020-08-31,,,,3805.16
2020-09-01,,,,3850.76
2020-09-02,,,,3900.42
2020-09-03,,,,3931.41
2020-09-04,,,,3874.21
2020-09-07,,,,3851.68
2020-09-08,,,,3841.95
2020-09-09,,,,3807.58
2020-09-10,,,,3865.16
2020-09-11,,,,3882.65
2020-09-14,,,,4040.36
2020-09-15,,,,4083.96
2020-09-16,,,,4103.78
2020-09-17,,,,4087.37
2020-09-18,,,,4072.87
2020-09-21,,,,3955.46
2020-09-22,,,,3900.74
2020-09-23,,,,3900.2
2020-09-24,,,,3793.47
2020-09-25,,,,3890.66
2020-09-28,,,,3994.06
2020-09-29,,,,3988.08
2020-09-30,,,,3999.09
2020-10-01,,,,4044.31
2020-10-05,,,,4072.37
2020-10-06,,,,4102.14
2020-10-07,,,,4093.2
2020-10-08,,,,4099.11
2020-10-09,,,,4100.52
2020-10-12,,,,4105.83
2020-10-13,,,,4077.77
2020-10-14,,,,4091.6
2020-10-15,,,,4011.74
2020-10-16,,,,4066.1
2020-10-19,,,,4089.23
2020-10-20,,,,4112.37
2020-10-21,,,,4116.84
2020-10-22,,,,4127.03
2020-10-23,,,,4145.95
2020-10-26,,,,4104.73
2020-10-27,,,,4137.8
2020-10-28,,,,4099.85
2020-10-29,,,,4092.48
2020-10-30,,,,4102.79
2020-11-02,,,,4133.9
2020-11-03,,,,4173.04
2020-11-04,,,,4209.13
2020-11-05,,,,4304.73
2020-11-06,,,,4322.56
2020-11-09,,,,4391.58
2020-11-10,,,,4401.1
2020-11-11,,,,4412.24
2020-11-12,,,,4422.88
2020-11-13,,,,4455.32
2020-11-14,,,,4475.13
2020-11-17,,,,4528.78
2020-11-18,,,,4599.24
2020-11-19,,,,4584.19
2020-11-20,,,,4623.11
2020-11-23,,,,4682.56
2020-11-24,,,,4704.62
2020-11-25,,,,4628.61
2020-11-26,,,,4653.97
2020-11-27,,,,4782.48
2020-12-01,,,,4829.12
2020-12-02,,,,4849.72
2020-12-03,,,,4861.85
2020-12-04,,,,4880.41
2020-12-07,,,,4910.85
2020-12-08,,,,4884.35
2020-12-09,,,,4920.04
2020-12-10,,,,4904.26
2020-12-11,,,,4933.05
2020-12-14,,,,4971.91
2020-12-15,,,,4986.7
2020-12-16,,,,5014.3
2020-12-17,,,,5027.15
2020-12-18,,,,5014.74
2020-12-21,,,,4810.12
2020-12-22,,,,4848.25
2020-12-23,,,,4964.23
2020-12-24,,,,4971.69
2020-12-28,,,,5041.01
2020-12-29,,,,5054.28
2020-12-30,,,,5059.57
2020-12-31,,,,5088.8
2021-01-01,,,,5145.52
2021-01-04,,,,5212.26
2021-01-05,,,,5232.36
2021-01-06,,,,5230.01
2021-01-07,,,,5235.6
2021-01-08,,,,5317.53
2021-01-11,,,,5346.77
2021-01-12,,,,5327.05
2021-01-13,,,,5335.85
2021-01-14,,,,5350.18
2021-01-15,,,,5269.98
2021-01-18,,,,5210.15
2021-01-19,,,,5324.93
2021-01-20,,,,5369.82
2021-01-21,,,,5335.76
2021-01-22,,,,5335.28
2021-01-25,,,,5283.04
2021-01-27,,,,5275.2
2021-01-28,,,,5220.82
2021-01-29,,,,5134.32
2021-02-01,,,,5283.99
2021-02-02,,,,5360.39
2021-02-03,,,,5458.31
2021-02-04,,,,5516.94
2021-02-05,,,,5478.47
2021-02-08,,,,5542.41
2021-02-09,,,,5523.39
2021-02-10,,,,5556.48
2021-02-11,,,,5566.3
2021-02-12,,,,5564.48
2021-02-15,,,,5635.31
2021-02-16,,,,5615.85
2021-02-17,,,,5587.74
2021-02-18,,,,5578.34
2021-02-19,,,,5530.11
2021-02-22,,,,5447.93
2021-02-23,,,,5457.82
2021-02-24,,,,5501.93
2021-02-25,,,,5550.33
2021-02-26,,,,5455.88
2021-03-01,,,,5564.0
2021-03-02,,,,5654.28
2021-03-03,,,,5706.21
2021-03-04,,,,5714.22
2021-03-05,,,,5621.08
2021-03-08,,,,5615.82
2021-03-09,,,,5605.82
2021-03-10,,,,5662.49
2021-03-12,,,,5660.3
2021-03-15,,,,5620.15
2021-03-16,,,,5661.5
2021-03-17,,,,5576.68
2021-03-18,,,,5488.19
2021-03-19,,,,5543.99
2021-03-22,,,,5581.51
2021-03-23,,,,5615.48
2021-03-24,,,,5517.17
2021-03-25,,,,5417.01
2021-03-26,,,,5495.75
2021-03-30,,,,5602.44
2021-03-31,,,,5600.74
2021-04-01,,,,5649.28
2021-04-05,,,,5581.64
2021-04-06,,,,5643.93
2021-04-07,,,,5729.71
2021-04-08,,,,5760.0
2021-04-09,,,,5756.81
2021-04-12,,,,5489.88
2021-04-13,,,,5538.74
2021-04-15,,,,5539.87
2021-04-16,,,,5577.2
2021-04-19,,,,5494.97
2021-04-20,,,,5506.62
2021-04-22,,,,5515.64
2021-04-23,,,,5529.81
2021-04-26,,,,5573.18
2021-04-27,,,,5659.38
2021-04-28,,,,5740.08
2021-04-29,,,,5765.1
2021-04-30,,,,5745.15
2021-05-03,,,,5772.97
2021-05-04,,,,5775.5
2021-05-05,,,,5820.28
2021-05-06,,,,5831.24
2021-05-07,,,,5798.15
2021-05-10,,,,5814.5
2021-05-11,,,,5824.89
2021-05-12,,,,5765.27
2021-05-14,,,,5761.2
2021-05-17,,,,5852.25
2021-05-18,,,,5967.41
2021-05-19,,,,5954.44
2021-05-20,,,,5964.92
2021-05-21,,,,5977.44
2021-05-24,,,,6014.58
2021-05-25,,,,6018.04
2021-05-26,,,,6038.88
2021-05-27,,,,6051.33
2021-05-28,,,,6061.69
2021-05-31,,,,6097.59
2021-06-01,,,,6072.44
2021-06-02,,,,6096.14
2021-06-03,,,,6129.22
2021-06-04,,,,6133.78
2021-06-07,,,,6178.44
2021-06-08,,,,6213.07
2021-06-09,,,,6150.76
2021-06-10,,,,6207.47
2021-06-11,,,,6223.06
2021-06-14,,,,6220.93
2021-06-15,,,,6260.02
2021-06-16,,,,6239.4
2021-06-17,,,,6231.55
2021-06-18,,,,6204.51
2021-06-21,,,,6206.14
2021-06-22,,,,6212.98
2021-06-23,,,,6231.21
2021-06-24,,,,6260.85
2021-06-25,,,,6290.79
2021-06-28,,,,6297.12
2021-06-29,,,,6290.02
2021-06-30,,,,6341.49
2021-07-01,,,,6381.02
2021-07-02,,,,6449.44
2021-07-05,,,,6432.39
2021-07-06,,,,6396.16
2021-07-07,,,,6451.59
2021-07-08,,,,6421.27
2021-07-09,,,,6454.71
2021-07-12,,,,6489.06
2021-07-13,,,,6525.66
2021-07-14,,,,6588.16
2021-07-15,,,,6652.17
2021-07-16,,,,6717.51
2021-07-19,,,,6696.04
2021-07-20,,,,6627.53
2021-07-22,,,,6685.18
2021-07-23,,,,6683.9
2021-07-26,,,,6696.67
2021-07-27,,,,6641.47
2021-07-28,,,,6647.12
2021-07-29,,,,6664.16
2021-07-30,,,,6689.88
2021-08-02,,,,6788.99
2021-08-03,,,,6831.32
2021-08-04,,,,6776.3
2021-08-05,,,,6791.07
2021-08-06,,,,6772.71
2021-08-09,,,,6749.9
2021-08-10,,,,6702.62
2021-08-11,,,,6701.51
2021-08-12,,,,6768.68
2021-08-13,,,,6777.4
2021-08-16,,,,6742.68
2021-08-17,,,,6801.17
2021-08-18,,,,6804.64
2021-08-20,,,,6771.57
2021-08-23,,,,6776.73
2021-08-24,,,,6823.49
2021-08-25,,,,6826.0
2021-08-26,,,,6843.88
2021-08-27,,,,6901.63
2021-08-30,,,,6995.91
2021-08-31,,,,7065.7
2021-09-01,,,,7087.32
2021-09-02,,,,7156.93
2021-09-03,,,,7195.8
2021-09-06,,,,7239.32
2021-09-07,,,,7236.5
2021-09-08,,,,7266.61
2021-09-09,,,,7327.12
2021-09-13,,,,7372.96
2021-09-14,,,,7401.89
2021-09-15,,,,7474.01
2021-09-16,,,,7473.33
2021-09-17,,,,7456.08
2021-09-20,,,,7384.36
2021-09-21,,,,7421.39
2021-09-22,,,,7475.78
2021-09-23,,,,7545.62
2021-09-24,,,,7577.01
2021-09-27,,,,7528.98
2021-09-28,,,,7441.36
2021-09-29,,,,7412.89
2021-09-30,,,,7420.96
2021-10-01,,,,7413.04
2021-10-04,,,,7513.56
2021-10-05,,,,7542.3
2021-10-06,,,,7529.84
2021-10-07,,,,7676.91
2021-10-08,,,,7696.51
2021-10-11,,,,7740.22
2021-10-12,,,,7792.43
2021-10-13,,,,7790.14
2021-10-14,,,,7840.89
2021-10-18,,,,7914.77
2021-10-19,,,,7862.7
2021-10-20,,,,7687.18
2021-10-21,,,,7621.34
2021-10-22,,,,7513.86
2021-10-25,,,,7409.89
2021-10-26,,,,7525.97
2021-10-27,,,,7512.92
2021-10-28,,,,7408.28
2021-10-29,,,,7415.31
2021-11-01,,,,7515.01
2021-11-02,,,,7510.56
2021-11-03,,,,7451.87
2021-11-04,,,,7528.4
2021-11-08,,,,7608.57
2021-11-09,,,,7642.21
2021-11-10,,,,7651.91
2021-11-11,,,,7605.26
2021-11-12,,,,7644.61
2021-11-15,,,,7725.65
2021-11-16,,,,7728.68
2021-11-17,,,,7751.97
2021-11-18,,,,7661.16
2021-11-22,,,,7467.85
2021-11-23,,,,7541.07
2021-11-24,,,,7518.28
2021-11-25,,,,7546.54
2021-11-26,,,,7310.3
2021-11-29,,,,7249.06
2021-11-30,,,,7308.13
2021-12-01,,,,7350.1
2021-12-02,,,,7428.52
2021-12-03,,,,7390.85
2021-12-06,,,,7264.62
2021-12-07,,,,7377.49
2021-12-08,,,,7508.13
2021-12-09,,,,7545.81
2021-12-10,,,,7573.02
2021-12-13,,,,7553.07
2021-12-14,,,,7564.48
2021-12-15,,,,7562.14
2021-12-16,,,,7562.7
2021-12-17,,,,7447.18
2021-12-20,,,,7235.29
2021-12-21,,,,7292.73
2021-12-22,,,,7410.86
2021-12-23,,,,7521.17
2021-12-24,,,,7503.97
2021-12-27,,,,7501.49
2021-12-28,,,,7602.56
2021-12-29,,,,7640.07
2021-12-30,,,,7670.36
2021-12-31,,,,7758.49
2022-01-03,,,,7855.93
2022-01-04,,,,7875.23
2022-01-05,,,,7890.25
2022-01-06,,,,7862.46
2022-01-07,,,,7868.11
2022-01-10,,,,7926.05
2022-01-11,,,,7940.31
2022-01-12,,,,7979.83
2022-01-13,,,,7998.39
2022-01-14,,,,7987.77
2022-01-17,,,,7960.13
2022-01-18,,,,7821.51
2022-01-19,,,,7768.32
2022-01-20,,,,7771.98
2022-01-21,,,,7641.0
2022-01-24,,,,7361.74
2022-01-25,,,,7421.63
2022-01-27,,,,7275.77
2022-01-28,,,,7347.49
2022-01-31,,,,7495.95
2022-02-01,,,,7566.87
2022-02-02,,,,7687.65
2022-02-03,,,,7598.27
2022-02-04,,,,7550.46
2022-02-07,,,,7421.18
2022-02-08,,,,7381.09
2022-02-09,,,,7453.83
2022-02-10,,,,7475.04
2022-02-11,,,,7306.0
2022-02-14,,,,7076.45
2022-02-15,,,,7266.22
2022-02-16,,,,7246.61
2022-02-17,,,,7209.19
2022-02-18,,,,7162.25
2022-02-21,,,,7098.72
2022-02-22,,,,7037.64
2022-02-23,,,,7073.23
2022-02-24,,,,6728.47
2022-02-25,,,,6987.56
2022-02-28,,,,7021.72
2022-03-02,,,,6943.53
2022-03-03,,,,6932.3
2022-03-04,,,,6850.55
2022-03-07,,,,6759.36
2022-03-08,,,,6848.03
2022-03-09,,,,7000.3
2022-03-10,,,,7084.38
2022-03-11,,,,7110.21
2022-03-14,,,,7167.98
2022-03-15,,,,7095.86
2022-03-16,,,,7207.38
2022-03-17,,,,7296.37
2022-03-21,,,,7249.83
2022-03-22,,,,7283.49
2022-03-23,,,,7277.41
2022-03-24,,,,7288.64
2022-03-25,,,,7262.06
2022-03-28,,,,7258.94
2022-03-29,,,,7287.23
2022-03-30,,,,7356.59
2022-03-31,,,,7370.63
2022-04-01,,,,7442.56
2022-04-04,,,,7561.83
2022-04-05,,,,7587.09
2022-04-06,,,,7540.34
2022-04-07,,,,7506.11
2022-04-08,,,,7558.23
2022-04-11,,,,7512.14
2022-04-12,,,,7432.54
2022-04-13,,,,7417.85
2022-04-18,,,,7289.32
2022-04-19,,,,7144.51
2022-04-20,,,,7216.92
2022-04-21,,,,7310.91
2022-04-22,,,,7295.0
2022-04-25,,,,7194.14
2022-04-26,,,,7272.32
2022-04-27,,,,7215.6
2022-04-28,,,,7293.86
2022-04-29,,,,7235.32
2022-05-02,,,,7196.97
2022-05-04,,,,7024.33
2022-05-05,,,,7027.9
2022-05-06,,,,6862.03
2022-05-09,,,,6825.61
2022-05-10,,,,6795.71
2022-05-11,,,,6726.9
2022-05-12,,,,6625.41
2022-05-13,,,,6658.32
2022-05-16,,,,6686.72
2022-05-17,,,,6835.83
2022-05-18,,,,6863.94
2022-05-19,,,,6695.62
2022-05-20,,,,6834.96
2022-05-23,,,,6872.1
2022-05-24,,,,6800.64
2022-05-25,,,,6671.27
2022-05-26,,,,6708.47
2022-05-27,,,,6831.08
2022-05-30,,,,6946.78
2022-05-31,,,,6943.05
2022-06-01,,,,6903.56
2022-06-02,,,,6947.12
2022-06-03,,,,6902.03
2022-06-06,,,,6880.64
2022-06-07,,,,6799.86
2022-06-08,,,,6793.65
2022-06-09,,,,6805.98
2022-06-10,,,,6743.67
2022-06-13,,,,6585.92
2022-06-14,,,,6570.27
2022-06-15,,,,6576.56
2022-06-16,,,,6470.94
2022-06-17,,,,6417.26
2022-06-20,,,,6451.14
2022-06-21,,,,6564.06
2022-06-22,,,,6507.39
2022-06-23,,,,6623.5
2022-06-24,,,,6687.33
2022-06-27,,,,6795.8
2022-06-28,,,,6782.3
2022-06-29,,,,6754.43
2022-06-30,,,,6707.63
2022-07-01,,,,6773.54
2022-07-04,,,,6824.78
2022-07-05,,,,6805.15
2022-07-06,,,,6927.29
2022-07-07,,,,6990.73
2022-07-08,,,,6997.46
2022-07-11,,,,6973.38
2022-07-12,,,,6902.53
2022-07-13,,,,6911.73
2022-07-14,,,,6866.24
2022-07-15,,,,6933.07
2022-07-18,,,,7014.44
2022-07-19,,,,7029.05
2022-07-20,,,,7111.1
2022-07-21,,,,7182.42
2022-07-22,,,,7198.06
2022-07-25,,,,7214.15
2022-07-26,,,,7129.5
2022-07-27,,,,7221.77
2022-07-28,,,,7363.39
2022-07-29,,,,7454.63
2022-08-01,,,,7523.04
2022-08-02,,,,7547.21
2022-08-03,,,,7554.54
2022-08-04,,,,7599.83
2022-08-05,,,,7605.51
2022-08-08,,,,7642.88
2022-08-10,,,,7576.45
2022-08-11,,,,7633.53
2022-08-12,,,,7646.38
2022-08-16,,,,7715.86
2022-08-17,,,,7773.29
2022-08-18,,,,7772.26
2022-08-19,,,,7681.41
2022-08-22,,,,7563.34
2022-08-23,,,,7579.93
2022-08-24,,,,7595.23
2022-08-25,,,,7560.78
2022-08-26,,,,7580.07
2022-08-29,,,,7494.47
2022-08-30,,,,7670.21
2022-09-01,,,,7639.01
2022-09-02,,,,7627.68
2022-09-05,,,,7669.68
2022-09-06,,,,7659.78
2022-09-07,,,,7668.1
2022-09-08,,,,7715.84
2022-09-09,,,,7766.86
2022-09-12,,,,7841.21
2022-09-13,,,,7874.41
2022-09-14,,,,7817.83
2022-09-15,,,,7787.55
2022-09-16,,,,7611.61
2022-09-19,,,,7627.94
2022-09-20,,,,7716.13
2022-09-21,,,,7694.35
2022-09-22,,,,7752.98
2022-09-23,,,,7655.08
2022-09-26,,,,7516.85
2022-09-27,,,,7514.15
2022-09-28,,,,7493.09
2022-09-29,,,,7443.37
2022-09-30,,,,7558.12
2022-10-03,,,,7465.54
2022-10-04,,,,7616.57
2022-10-06,,,,7671.82
2022-10-07,,,,7683.31
2022-10-10,,,,7618.51
2022-10-11,,,,7494.67
2022-10-12,,,,7539.51
2022-10-13,,,,7505.99
2022-10-14,,,,7536.34
2022-10-17,,,,7537.9
2022-10-18,,,,7587.87
2022-10-19,,,,7556.1
2022-10-20,,,,7565.7
2022-10-21,,,,7534.75
2022-10-24,,,,7578.26
2022-10-25,,,,7540.2
2022-10-27,,,,7517.01
2022-10-28,,,,7475.49
2022-10-31,,,,7576.3
2022-11-01,,,,7642.65
2022-11-02,,,,7630.36
2022-11-03,,,,7625.86
2022-11-04,,,,7605.52
2022-11-07,,,,7620.79
2022-11-09,,,,7597.55
2022-11-10,,,,7484.91
2022-11-11,,,,7571.76
2022-11-14,,,,7589.38
2022-11-15,,,,7613.59
2022-11-16,,,,7612.26
2022-11-17,,,,7579.27
2022-11-18,,,,7563.93
2022-11-21,,,,7535.15
2022-11-22,,,,7556.18
2022-11-23,,,,7582.14
2022-11-24,,,,7656.26
2022-11-25,,,,7705.83
2022-11-28,,,,7751.7
2022-11-29,,,,7742.88
2022-11-30,,,,7790.62
2022-12-01,,,,7852.42
2022-12-02,,,,7879.4
2022-12-05,,,,7894.22
2022-12-06,,,,7858.37
2022-12-07,,,,7819.69
2022-12-08,,,,7855.47
2022-12-09,,,,7785.75
2022-12-12,,,,7774.56
2022-12-13,,,,7769.14
2022-12-14,,,,7789.71
2022-12-15,,,,7701.67
2022-12-16,,,,7631.92
2022-12-19,,,,7673.02
2022-12-20,,,,7636.92
2022-12-21,,,,7570.15
2022-12-22,,,,7543.29
2022-12-23,,,,7311.7
2022-12-26,,,,7477.12
2022-12-27,,,,7528.73
2022-12-28,,,,7523.58
2022-12-29,,,,7517.26
2022-12-30,,,,7501.35
2023-01-02,,,,7523.61
2023-01-03,,,,7550.89
2023-01-04,,,,7499.37
2023-01-05,,,,7478.67
2023-01-06,,,,7421.68
2023-01-09,,,,7511.22
2023-01-10,,,,7454.82
2023-01-11,,,,7432.82
2023-01-12,,,,7453.83
2023-01-13,,,,7481.17
2023-01-16,,,,7479.53
2023-01-17,,,,7547.08
2023-01-18,,,,7570.87
2023-01-19,,,,7549.04
2023-01-20,,,,7470.55
2023-01-23,,,,7553.85
2023-01-24,,,,7595.23
2023-01-25,,,,7542.74
2023-01-27,,,,7496.91
2023-01-30,,,,7557.43
2023-01-31,,,,7594.02
2023-02-01,,,,7601.68
2023-02-02,,,,7678.69
2023-02-03,,,,7741.12
2023-02-06,,,,7758.04
2023-02-07,,,,7703.98
2023-02-08,,,,7760.38
2023-02-09,,,,7762.9
2023-02-10,,,,7767.85
2023-02-13,,,,7678.56
2023-02-14,,,,7720.86
2023-02-15,,,,7735.6
2023-02-16,,,,7755.65
2023-02-17,,,,7712.55
2023-02-20,,,,7702.11
2023-02-21,,,,7680.64
2023-02-22,,,,7605.8
2023-02-23,,,,7600.17
2023-02-24,,,,7605.46
2023-02-27,,,,7551.5
2023-02-28,,,,7533.28
2023-03-01,,,,7611.63
2023-03-02,,,,7552.99
2023-03-03,,,,7600.71
2023-03-06,,,,7659.42
2023-03-08,,,,7649.75
2023-03-09,,,,7580.82
2023-03-10,,,,7549.89
2023-03-13,,,,7435.38
2023-03-14,,,,7361.23
2023-03-15,,,,7366.24
2023-03-16,,,,7376.68
2023-03-17,,,,7413.08
2023-03-20,,,,7368.95
2023-03-21,,,,7359.45
2023-03-22,,,,7392.9
2023-03-23,,,,7370.71
2023-03-24,,,,7332.64
2023-03-27,,,,7329.36
2023-03-28,,,,7301.58
2023-03-29,,,,7373.91
2023-03-31,,,,7441.66
2023-04-03,,,,7427.51
2023-04-05,,,,7486.9
2023-04-06,,,,7524.94
2023-04-10,,,,7535.17
2023-04-11,,,,7555.98
2023-04-12,,,,7609.41
2023-04-13,,,,7636.79
2023-04-17,,,,7621.32
2023-04-18,,,,7666.14
2023-04-19,,,,7587.64
2023-04-20,,,,7606.48
2023-04-21,,,,7636.79
2023-04-24,,,,7658.18
2023-04-25,,,,7627.42
2023-04-26,,,,7674.34
2023-04-27,,,,7719.52
2023-04-28,,,,7791.26
2023-05-02,,,,7831.3
2023-05-03,,,,7826.96
2023-05-04,,,,7880.5
2023-05-05,,,,7868.06
2023-05-08,,,,7955.72
2023-05-09,,,,7990.24
2023-05-10,,,,8022.44
2023-05-11,,,,8067.06
2023-05-12,,,,8053.69
2023-05-15,,,,8089.61
2023-05-16,,,,8118.71
2023-05-17,,,,8124.84
2023-05-18,,,,8099.14
2023-05-19,,,,8150.75
2023-05-22,,,,8235.72
2023-05-23,,,,8242.73
2023-05-24,,,,8249.14
2023-05-25,,,,8314.0
2023-05-26,,,,8356.45
2023-05-29,,,,8366.2
2023-05-30,,,,8370.2
2023-05-31,,,,8428.4
2023-06-01,,,,8523.57
2023-06-02,,,,8581.2
2023-06-05,,,,8552.63
2023-06-06,,,,8521.53
2023-06-07,,,,8596.96
2023-06-08,,,,8548.92
2023-06-09,,,,8507.0
2023-06-12,,,,8562.36
2023-06-13,,,,8614.95
2023-06-14,,,,8627.29
2023-06-15,,,,8669.83
2023-06-16,,,,8704.57
2023-06-19,,,,8706.17
2023-06-20,,,,8753.13
2023-06-21,,,,8750.82
2023-06-22,,,,8731.35
2023-06-23,,,,8645.33
2023-06-26,,,,8675.74
2023-06-27,,,,8717.63
2023-06-28,,,,8752.68
2023-06-30,,,,8815.71
2023-07-03,,,,8852.42
2023-07-04,,,,8873.86
2023-07-05,,,,8908.18
2023-07-06,,,,8935.06
2023-07-07,,,,8828.8
2023-07-10,,,,8755.95
2023-07-11,,,,8831.54
2023-07-12,,,,8879.74
2023-07-13,,,,8851.24
2023-07-14,,,,8993.93
2023-07-17,,,,9036.48
2023-07-18,,,,9021.91
2023-07-19,,,,9092.78
2023-07-20,,,,9068.2
2023-07-21,,,,8980.68
2023-07-24,,,,8938.39
2023-07-25,,,,8926.87
2023-07-26,,,,8918.38
2023-07-27,,,,8891.43
2023-07-28,,,,8904.3
2023-07-31,,,,8986.24
2023-08-01,,,,9036.48
2023-08-02,,,,8966.46
2023-08-03,,,,8923.89
2023-08-04,,,,9002.24
2023-08-07,,,,8954.86
2023-08-08,,,,8959.59
2023-08-09,,,,8987.18
2023-08-10,,,,8917.33
2023-08-11,,,,8856.1
2023-08-14,,,,8834.72
2023-08-16,,,,8824.27
2023-08-17,,,,8783.07
2023-08-18,,,,8764.21
2023-08-21,,,,8815.57
2023-08-22,,,,8855.4
2023-08-23,,,,8909.01
2023-08-24,,,,8948.74
2023-08-25,,,,8943.45
2023-08-28,,,,8949.51
2023-08-29,,,,8973.15
2023-08-30,,,,9021.81
2023-08-31,,,,9034.25
2023-09-01,,,,9136.67
2023-09-04,,,,9229.31
2023-09-05,,,,9338.22
2023-09-06,,,,9349.67
2023-09-07,,,,9354.06
2023-09-08,,,,9387.71
2023-09-11,,,,9518.06
2023-09-12,,,,9338.24
2023-09-13,,,,9332.75
2023-09-14,,,,9405.03
2023-09-15,,,,9401.58
2023-09-18,,,,9365.9
2023-09-20,,,,9301.8
2023-09-21,,,,9245.74
2023-09-22,,,,9207.66
2023-09-25,,,,9207.02
2023-09-26,,,,9212.02
2023-09-27,,,,9276.16
2023-09-28,,,,9173.21
2023-09-29,,,,9220.4
2023-10-03,,,,9200.77
2023-10-04,,,,9161.43
2023-10-05,,,,9218.28
2023-10-06,,,,9245.73
2023-10-09,,,,9137.65
2023-10-10,,,,9223.47
2023-10-11,,,,9265.73
2023-10-12,,,,9295.93
2023-10-13,,,,9298.79
2023-10-16,,,,9284.36
2023-10-17,,,,9317.27
2023-10-18,,,,9262.14
2023-10-19,,,,9221.3
2023-10-20,,,,9147.74
2023-10-23,,,,8933.13
2023-10-25,,,,8923.18
2023-10-26,,,,8862.78
2023-10-27,,,,8986.75
2023-10-30,,,,8978.04
2023-10-31,,,,8978.97
2023-11-01,,,,8936.85
2023-11-02,,,,9032.39
2023-11-03,,,,9084.32
2023-11-06,,,,9184.17
2023-11-07,,,,9199.31
2023-11-08,,,,9261.85
2023-11-09,,,,9240.38
2023-11-10,,,,9284.76
2023-11-12,,,,9339.23
2023-11-13,,,,9314.02
2023-11-15,,,,9395.24
2023-11-16,,,,9479.9
2023-11-17,,,,9508.57
2023-11-20,,,,9504.81
2023-11-21,,,,9529.95
2023-11-22,,,,9609.14
2023-11-23,,,,9577.09
2023-11-24,,,,9561.24
2023-11-28,,,,9581.05
2023-11-29,,,,9678.05
2023-11-30,,,,9691.23
2023-12-01,,,,9742.43
2023-12-04,,,,9868.58
2023-12-05,,,,9862.35
2023-12-06,,,,9893.38
2023-12-07,,,,9928.55
2023-12-08,,,,9891.92
2023-12-11,,,,9986.61
2023-12-12,,,,9964.94
2023-12-13,,,,9986.18
2023-12-14,,,,10093.77
2023-12-15,,,,10181.52
2023-12-18,,,,10189.24
2023-12-19,,,,10154.6
2023-12-20,,,,9987.56
2023-12-21,,,,10104.92
2023-12-22,,,,10278.86
2023-12-26,,,,10318.01
2023-12-27,,,,10370.35
2023-12-28,,,,10424.36
2023-12-29,,,,10444.97
2024-01-01,,,,10481.72
2024-01-02,,,,10443.3
2024-01-03,,,,10339.99
2024-01-04,,,,10402.19
2024-01-05,,,,10464.92
2024-01-08,,,,10357.64
2024-01-09,,,,10370.36
2024-01-10,,,,10384.56
2024-01-11,,,,10376.18
2024-01-12,,,,10525.08
2024-01-15,,,,10605.75
2024-01-16,,,,10583.77
2024-01-17,,,,10436.48
2024-01-18,,,,10315.34
2024-01-19,,,,10442.03
2024-01-20,,,,10451.36
2024-01-23,,,,10219.05
2024-01-24,,,,10431.59
2024-01-25,,,,10280.94
2024-01-29,,,,10372.56
2024-01-30,,,,10274.85
2024-01-31,,,,10394.0
2024-02-01,,,,10360.99
2024-02-02,,,,10463.64
2024-02-05,,,,10483.92
2024-02-06,,,,10629.42
2024-02-07,,,,10638.39
2024-02-08,,,,10575.12
2024-02-09,,,,10471.94
2024-02-12,,,,10362.55
2024-02-13,,,,10401.24
2024-02-14,,,,10455.65
2024-02-15,,,,10516.02
2024-02-16,,,,10569.51
2024-02-19,,,,10629.15
2024-02-20,,,,10600.66
2024-02-21,,,,10490.5
2024-02-22,,,,10570.66
2024-02-23,,,,10602.96
2024-02-26,,,,10543.2
2024-02-27,,,,10573.27
2024-02-28,,,,10430.89
2024-02-29,,,,10481.65
2024-03-01,,,,10539.23
2024-03-02,,,,10598.33
2024-03-04,,,,10594.0
2024-03-05,,,,10512.67
2024-03-06,,,,10462.7
2024-03-07,,,,10505.9
2024-03-11,,,,10429.22
2024-03-12,,,,10387.53
2024-03-13,,,,10099.67
2024-03-14,,,,10272.94
2024-03-15,,,,10249.74
2024-03-18,,,,10191.78
2024-03-19,,,,10062.46
2024-03-20,,,,10065.6
2024-03-21,,,,10249.49
2024-03-22,,,,10239.37
2024-03-26,,,,10253.48
2024-03-27,,,,10231.23
2024-03-28,,,,10275.5
2024-04-01,,,,10418.96
2024-04-02,,,,10497.05
2024-04-03,,,,10574.84
2024-04-04,,,,10628.99
2024-04-05,,,,10667.13
2024-04-08,,,,10695.51
2024-04-09,,,,10696.51
2024-04-10,,,,10740.96
2024-04-12,,,,10690.52
2024-04-15,,,,10593.39
2024-04-16,,,,10540.93
2024-04-18,,,,10457.35
2024-04-19,,,,10446.12
2024-04-22,,,,10426.88
2024-04-23,,,,10500.19
2024-04-24,,,,10496.65
2024-04-25,,,,10565.05
2024-04-26,,,,10556.28
2024-04-29,,,,10584.2
2024-04-30,,,,10602.87
2024-05-02,,,,10675.33
2024-05-03,,,,10598.19
2024-05-06,,,,10525.26
2024-05-07,,,,10456.61
2024-05-08,,,,10397.67
2024-05-09,,,,10211.15
2024-05-10,,,,10298.19
2024-05-13,,,,10312.32
2024-05-14,,,,10370.79
2024-05-15,,,,10411.48
2024-05-16,,,,10526.87
2024-05-17,,,,10581.55
2024-05-18,,,,10626.56
2024-05-21,,,,10610.51
2024-05-22,,,,10612.32
2024-05-23,,,,10698.32
2024-05-24,,,,10704.81
2024-05-27,,,,10808.01
2024-05-28,,,,10739.85
2024-05-29,,,,10677.18
2024-05-30,,,,10500.81
2024-05-31,,,,10441.47
2024-06-03,,,,10636.33
2024-06-04,,,,10173.43
2024-06-05,,,,10568.84
2024-06-06,,,,10730.24
2024-06-07,,,,10967.44
2024-06-10,,,,11009.43
2024-06-11,,,,11004.42
2024-06-12,,,,11064.85
2024-06-13,,,,11144.37
2024-06-14,,,,11156.05
2024-06-18,,,,11176.78
2024-06-19,,,,11077.25
2024-06-20,,,,11107.09
2024-06-21,,,,11105.99
2024-06-24,,,,11157.01
2024-06-25,,,,11136.17
2024-06-26,,,,11097.57
2024-06-27,,,,11104.0
2024-06-28,,,,11202.17
2024-07-01,,,,11398.43
2024-07-02,,,,11375.97
2024-07-03,,,,11409.66
2024-07-04,,,,11479.54
2024-07-05,,,,11473.47
2024-07-08,,,,11410.8
2024-07-09,,,,11449.52
2024-07-10,,,,11423.85
2024-07-11,,,,11430.91
2024-07-12,,,,11619.37
2024-07-15,,,,11615.4
2024-07-16,,,,11606.64
2024-07-18,,,,11640.42
2024-07-19,,,,11448.11
2024-07-22,,,,11530.24
2024-07-23,,,,11570.15
2024-07-24,,,,11675.14
2024-07-25,,,,11613.47
2024-07-26,,,,11779.13
2024-07-29,,,,11799.74
2024-07-30,,,,11860.02
2024-07-31,,,,11843.6
2024-08-01,,,,11731.32
2024-08-02,,,,11557.94
2024-08-05,,,,11245.59
2024-08-06,,,,11265.25
2024-08-07,,,,11416.1
2024-08-08,,,,11324.79
2024-08-09,,,,11372.48
2024-08-12,,,,11409.21
2024-08-13,,,,11293.16
2024-08-14,,,,11338.22
2024-08-16,,,,11565.27
2024-08-19,,,,11655.37
2024-08-20,,,,11770.9
2024-08-21,,,,11796.47
2024-08-22,,,,11857.47
2024-08-23,,,,11841.89
2024-08-26,,,,12027.16
2024-08-27,,,,12165.54
2024-08-28,,,,12175.7
2024-08-29,,,,12216.25
2024-08-30,,,,12252.51
2024-09-02,,,,12278.43
2024-09-03,,,,12320.22
2024-09-04,,,,12294.44
2024-09-05,,,,12340.66
2024-09-06,,,,12224.68
2024-09-09,,,,12179.79
2024-09-10,,,,12300.73
2024-09-11,,,,12287.47
2024-09-12,,,,12409.84
2024-09-13,,,,12479.85
2024-09-16,,,,12456.18
2024-09-17,,,,12440.06
2024-09-18,,,,12311.96
2024-09-19,,,,12331.61
2024-09-20,,,,12482.74
2024-09-23,,,,12495.02
2024-09-24,,,,12466.38
2024-09-25,,,,12401.92
2024-09-26,,,,12447.79
2024-09-27,,,,12450.52
2024-09-30,,,,12422.93
2024-10-01,,,,12512.92
2024-10-03,,,,12254.37
2024-10-04,,,,12144.18
2024-10-07,,,,12017.24
2024-10-08,,,,12113.29
2024-10-09,,,,12192.8
2024-10-10,,,,12166.75
2024-10-11,,,,12239.9
2024-10-14,,,,12315.25
2024-10-15,,,,12309.08
2024-10-16,,,,12350.45
2024-10-17,,,,12245.26
2024-10-18,,,,12228.26
2024-10-21,,,,12021.36
2024-10-22,,,,11800.87
2024-10-23,,,,11969.66
2024-10-24,,,,11901.8
2024-10-25,,,,11772.47
2024-10-28,,,,11864.71
2024-10-29,,,,11867.52
2024-10-30,,,,11872.87
2024-10-31,,,,11797.74
2024-11-01,,,,11841.02
2024-11-04,,,,11718.09
2024-11-05,,,,11753.87
2024-11-06,,,,12014.73
2024-11-07,,,,11927.24
2024-11-08,,,,11865.8
2024-11-11,,,,11732.02
2024-11-12,,,,11601.22
2024-11-13,,,,11390.16
2024-11-14,,,,11386.69
2024-11-18,,,,11343.65
2024-11-19,,,,11413.19
2024-11-21,,,,11399.57
2024-11-22,,,,11576.88
2024-11-25,,,,11689.98
2024-11-26,,,,11792.57
2024-11-27,,,,11842.35
2024-11-28,,,,11762.45
2024-11-29,,,,11800.49
2024-12-02,,,,11888.57
2024-12-03,,,,12011.97
2024-12-04,,,,12085.22
2024-12-05,,,,12199.96
2024-12-06,,,,12245.04
2024-12-09,,,,12264.88
2024-12-10,,,,12323.54
2024-12-11,,,,12403.4
2024-12-12,,,,12343.96
2024-12-13,,,,12384.82
2024-12-16,,,,12374.64
2024-12-17,,,,12276.66
2024-12-18,,,,12234.02
2024-12-19,,,,12174.17
2024-12-20,,,,11870.71
2024-12-23,,,,11854.87
2024-12-24,,,,11830.11
2024-12-26,,,,11830.61
2024-12-27,,,,11798.26
2024-12-30,,,,11796.36
2024-12-31,,,,11760.38
2025-01-01,,,,11803.25
2025-01-02,,,,11964.02
2025-01-03,,,,11887.69
2025-01-06,,,,11649.43
2025-01-07,,,,11677.05
2025-01-08,,,,11581.75
2025-01-09,,,,11530.63
2025-01-10,,,,11429.5
2025-01-13,,,,11090.31
2025-01-14,,,,11120.21
2025-01-15,,,,11211.7
2025-01-16,,,,11262.97
2025-01-17,,,,11252.34
2025-01-20,,,,11303.47
2025-01-21,,,,11119.3
2025-01-22,,,,11063.66
2025-01-23,,,,11258.03
2025-01-24,,,,11082.86
2025-01-27,,,,10786.1
2025-01-28,,,,10643.83
2025-01-29,,,,10833.6
2025-01-30,,,,10774.61
2025-01-31,,,,10942.84
2025-02-01,,,,10935.3
2025-02-03,,,,10800.82
2025-02-04,,,,10913.18
2025-02-05,,,,10981.07
2025-02-06,,,,10927.89
2025-02-07,,,,10852.43
2025-02-10,,,,10694.75
2025-02-11,,,,10430.91
2025-02-12,,,,10374.88
2025-02-13,,,,10330.79
2025-02-14,,,,10179.75
2025-02-17,,,,10204.41
2025-02-18,,,,10171.9
2025-02-19,,,,10232.98
2025-02-20,,,,10316.39
2025-02-21,,,,10230.12
2025-02-24,,,,10140.34
2025-02-25,,,,10120.07
2025-02-27,,,,9984.99
2025-02-28,,,,9748.41
2025-03-03,,,,9738.68
2025-03-04,,,,9697.5
2025-03-05,,,,9928.02
2025-03-06,,,,9975.65
2025-03-07,,,,9943.75
2025-03-10,,,,9797.5
2025-03-11,,,,9782.22
2025-03-12,,,,9634.6
2025-03-13,,,,9589.27
2025-03-17,,,,9599.06
2025-03-18,,,,9798.84
2025-03-19,,,,9885.81
2025-03-20,,,,9958.67
2025-03-21,,,,10047.03
2025-03-24,,,,10211.26
2025-03-25,,,,10138.29
2025-03-26,,,,10057.28
2025-03-27,,,,10086.31
2025-03-28,,,,10011.48
2025-04-01,,,,9844.18
2025-04-02,,,,9934.19
2025-04-03,,,,9835.6
2025-04-04,,,,9640.52
2025-04-07,,,,9431.67
2025-04-08,,,,9569.35
2025-04-09,,,,9559.65
2025-04-11,,,,9671.6
2025-04-15,,,,9851.37
2025-04-16,,,,9886.7
2025-04-17,,,,9943.69
2025-04-21,,,,10083.69
2025-04-22,,,,10150.73
2025-04-23,,,,10344.79
2025-04-24,,,,10313.73
2025-04-25,,,,10220.57
2025-04-28,,,,10264.29
2025-04-29,,,,10316.72
2025-04-30,,,,10341.82
2025-05-02,,,,10316.4
2025-05-05,,,,10387.09
2025-05-06,,,,10297.45
2025-05-07,,,,10303.99
2025-05-08,,,,10235.67
2025-05-09,,,,10144.49
2025-05-12,,,,10597.41
2025-05-13,,,,10496.61
2025-05-14,,,,10555.41
2025-05-15,,,,10692.69
2025-05-16,,,,10733.2
2025-05-19,,,,10712.21
2025-05-20,,,,10583.82
2025-05-21,,,,10639.77
2025-05-22,,,,10528.7
2025-05-23,,,,10627.85
2025-05-26,,,,10724.49
2025-05-27,,,,10676.49
2025-05-28,,,,10626.41
2025-05-29,,,,10675.43
2025-05-30,,,,10581.56
2025-06-02,,,,10602.67
2025-06-03,,,,10554.9
2025-06-04,,,,10601.85
2025-06-05,,,,10644.87
2025-06-06,,,,10716.87
2025-06-09,,,,10781.36
2025-06-10,,,,10830.17
2025-06-11,,,,10839.23
2025-06-12,,,,10708.4
2025-06-13,,,,10673.19
2025-06-16,,,,10798.77
2025-06-17,,,,10813.32
2025-06-18,,,,10768.53
2025-06-19,,,,10650.69
2025-06-20,,,,10769.13
2025-06-23,,,,10696.83
2025-06-24,,,,10708.52
2025-06-25,,,,10818.15
2025-06-26,,,,10845.28
2025-06-27,,,,10881.14
2025-06-30,,,,10898.07
2025-07-01,,,,10876.61
2025-07-02,,,,10857.73
2025-07-03,,,,10862.19
2025-07-04,,,,10866.04
2025-07-07,,,,10878.51
2025-07-08,,,,10893.09
2025-07-09,,,,10915.3
2025-07-10,,,,10871.56
2025-07-11,,,,10785.39
2025-07-14,,,,10784.27
2025-07-15,,,,10873.66
2025-07-16,,,,10907.52
2025-07-17,,,,10872.64
2025-07-18,,,,10807.4
2025-07-21,,,,10857.07
2025-07-22,,,,10822.26
2025-07-23,,,,10826.56
2025-07-24,,,,10571.96
2025-07-25,,,,10414.83
2025-07-28,,,,10319.07
2025-07-29,,,,10375.12
2025-07-30,,,,10402.08
2025-07-31,,,,10356.44
2025-08-01,,,,10253.68
2025-08-04,,,,10357.78
2025-08-05,,,,10316.92
2025-08-06,,,,10238.05
2025-08-07,,,,10302.02
2025-08-08,,,,10201.64
2025-08-11,,,,10236.97
2025-08-12,,,,10245.38
2025-08-13,,,,10291.1
2025-08-14,,,,10301.59
2025-08-18,,,,10430.61
2025-08-19,,,,10502.11
2025-08-20,,,,10618.25
2025-08-21,,,,10595.88
2025-08-22,,,,10544.21
2025-08-25,,,,10566.81
2025-08-26,,,,10448.21
2025-08-28,,,,10307.91
2025-08-29,,,,10308.71
2025-09-01,,,,10479.06
2025-09-02,,,,10494.1
2025-09-03,,,,10513.56
2025-09-04,,,,10484.72
2025-09-05,,,,10447.73
2025-09-08,,,,10470.51
2025-09-09,,,,10561.9
2025-09-10,,,,10681.11
2025-09-11,,,,10673.15
2025-09-12,,,,10674.87
2025-09-15,,,,10659.89
2025-09-16,,,,10731.78
2025-09-17,,,,10771.29
2025-09-18,,,,10830.39
2025-09-19,,,,10776.22
2025-09-22,,,,10637.57
2025-09-23,,,,10586.25
2025-09-24,,,,10513.99
2025-09-25,,,,10413.3
2025-09-26,,,,10232.21
2025-09-29,,,,10215.66
2025-09-30,,,,10189.27
2025-10-01,,,,10259.55
2025-10-03,,,,10320.16
2025-10-06,,,,10432.06
2025-10-07,,,,10452.84
2025-10-08,,,,10450.56
2025-10-09,,,,10520.64
2025-10-10,,,,10560.34
2025-10-13,,,,10515.78
2025-10-14,,,,10459.57
2025-10-15,,,,10564.44
2025-10-16,,,,10664.81
2025-10-17,,,,10662.32
2025-10-20,,,,10689.18
2025-10-21,,,,10698.64
2025-10-23,,,,10791.35
2025-10-24,,,,10756.75
2025-10-27,,,,10846.62
2025-10-28,,,,10796.92
2025-10-29,,,,10819.02
2025-10-30,,,,10781.13
2025-10-31,,,,10699.3
2025-11-03,,,,10718.69
2025-11-04,,,,10600.83
2025-11-06,,,,10566.42
2025-11-07,,,,10563.68
2025-11-10,10575.0,10685.9,10575.0,10657.05
2025-11-11,10684.65,10729.0,10629.7,10723.95
2025-11-12,10759.8,10873.75,10745.35,10862.75
2025-11-13,10881.8,10918.4,10833.9,10845.55
2025-11-14,10818.55,10830.5,10754.45,10813.5
2025-11-17,10837.1,10889.9,10828.6,10883.45
2025-11-18,10876.5,10879.7,10782.15,10793.2
2025-11-19,10797.3,10884.85,10775.8,10866.0
2025-11-20,10901.8,10937.25,10868.2,10881.0
2025-11-21,10861.75,10864.35,10776.4,10786.9
2025-11-24,10808.15,10848.85,10734.1,10752.3
2025-11-25,10762.15,10767.05,10703.75,10714.1
2025-11-26,10734.0,10847.75,10731.05,10842.7
2025-11-27,10871.5,10873.6,10788.4,10828.2
2025-11-28,10829.65,10836.15,10774.9,10779.7
2025-12-01,10805.3,10852.6,10794.75,10846.5
2025-12-02,10835.5,10878.2,10828.1,10851.1
2025-12-03,10854.2,10864.7,10771.95,10810.85
2025-12-04,10820.9,10883.9,10815.4,10846.8
2025-12-05,10845.35,10877.05,10797.5,10868.0
2025-12-08,10871.9,10878.15,10666.7,10710.7
2025-12-09,10671.1,10677.85,10537.1,10635.75
2025-12-10,10659.45,10693.1,10531.65,10544.95
2025-12-11,10556.1,10656.7,10523.2,10652.9
2025-12-12,10689.95,10718.45,10647.85,10711.2
2025-12-15,10691.75,10718.4,10644.15,10712.4
2025-12-16,10691.1,10698.8,10618.95,10639.1
2025-12-17,10628.05,10672.2,10576.8,10599.4
2025-12-18,10611.95,10648.35,10558.0,10635.95
2025-12-19,10675.15,10741.85,10639.95,10732.35
2025-12-22,10764.35,10843.15,10754.65,10833.35
2025-12-23,10840.4,10840.6,10770.85,10814.7
2025-12-24,10810.05,10819.4,10727.25,10735.6
2025-12-26,10730.45,10751.9,10689.1,10695.2
2025-12-29,10705.35,10708.35,10599.8,10613.8
2025-12-30,10616.55,10621.8,10526.2,10539.2
2025-12-31,10556.95,10638.8,10556.75,10614.35
2026-01-01,10629.95,10633.35,10555.65,10585.1
2026-01-02,10595.05,10625.05,10563.65,10618.2
2026-01-05,10604.45,10685.0,10578.65,10650.9
2026-01-06,10666.3,10697.65,10635.0,10686.35
2026-01-07,10671.65,10740.25,10656.3,10722.3
2026-01-08,10714.25,10735.8,10595.55,10607.15
2026-01-09,10599.5,10668.6,10528.7,10549.95
2026-01-12,10527.5,10585.35,10434.2,10575.95
2026-01-13,10617.55,10654.2,10505.3,10566.5
2026-01-14,10556.95,10575.65,10473.45,10507.6
2026-01-16,10556.4,10651.65,10546.45,10589.85
2026-01-19,10583.85,10675.1,10563.9,10640.95
2026-01-20,10639.15,10642.6,10413.3,10436.85
2026-01-21,10403.9,10454.65,10280.65,10359.0
2026-01-22,10426.0,10513.1,10419.7,10480.5
2026-01-23,10515.6,10524.85,10381.7,10393.1
2026-01-27,10439.95,10461.8,10339.6,10425.85
2026-01-28,10410.2,10503.25,10355.5,10496.8
2026-01-29,10487.35,10491.6,10320.65,10401.65
2026-01-30,10369.75,10434.9,10311.65,10417.15
2026-02-01,10421.4,10454.35,10078.35,10220.95
2026-02-02,10261.25,10329.3,10131.2,10314.9
2026-02-03,10771.0,10775.15,10438.45,10490.55
2026-02-04,10369.4,10400.8,10273.1,10390.85
2026-02-05,10363.65,10400.2,10293.15,10315.75
2026-02-06,10295.95,10297.2,10161.5,10285.95
2026-02-09,10338.4,10365.65,10304.15,10356.65
2026-02-10,10373.15,10425.7,10340.3,10405.3
2026-02-11,10431.8,10431.8,10340.95,10358.75
2026-02-12,10304.1,10308.05,10145.0,10160.45
2026-02-13,9991.25,10085.8,9939.45,9996.25
2026-02-16,9971.6,10038.1,9941.8,10029.4
2026-02-17,10032.1,10152.85,10027.6,10108.85
2026-02-18,10126.8,10131.0,10032.1,10118.25
2026-02-19,10136.6,10167.8,9924.45,9949.9
2026-02-20,9919.7,10025.55,9897.75,9977.0
2026-02-23,10008.65,10039.85,9936.25,9976.25
2026-02-24,9902.5,9921.15,9770.15,9812.4
2026-02-25,9855.95,9929.0,9836.35,9891.7
2026-02-26,9934.5,9956.65,9868.95,9905.0
2026-02-27,9931.1,9955.05,9794.55,9807.4
2026-03-02,9561.05,9768.6,9560.5,9693.4
2026-03-04,9590.6,9625.7,9516.25,9559.2
2026-03-05,9618.85,9648.7,9509.7,9616.05
2026-03-06,9595.7,9679.9,9577.15,9588.15
2026-03-09,9424.6,9457.5,9323.95,9435.75
2026-03-10,9533.65,9571.05,9445.2,9548.4
2026-03-11,9560.15,9603.55,9405.45,9418.85
2026-03-12,9382.15,9391.85,9296.85,9337.05
2026-03-13,9294.2,9294.45,9131.45,9166.3
2026-03-16,9129.15,9210.7,9034.1,9168.0
2026-03-17,9197.5,9210.8,9119.55,9181.85
2026-03-18,9218.15,9363.25,9216.55,9322.55
2026-03-19,9181.4,9228.8,9017.85,9049.9
2026-03-20,9139.5,9202.75,9096.2,9118.8
2026-03-23,9031.6,9032.85,8900.3,8917.6
2026-03-24,9080.3,9166.95,8967.25,9102.75
2026-03-25,9130.25,9295.3,9116.95,9223.65
2026-03-27,9182.15,9208.1,9074.15,9081.15
2026-03-30,8989.15,9068.8,8904.2,8924.15
2026-04-01,9183.0,9239.65,9067.5,9113.15
2026-04-02,9025.1,9195.45,8937.7,9179.2
2026-04-06,9187.1,9263.0,9143.25,9253.1
2026-04-07,9205.7,9348.6,9152.55,9338.4
2026-04-08,9567.85,9597.85,9495.35,9554.0
2026-04-09,9531.55,9603.6,9481.45,9583.9
2026-04-10,9594.95,9634.45,9556.55,9626.5
